year,semester,month,lon_grid,lat_grid,value [ng/L]
2001,H1,2,-87,42,17.415
2001,H1,2,-86,42,7.0600000000000005
2001,H1,2,-85,42,1.04
2001,H1,2,-85,43,2.83
2001,H1,2,-84,41,0.5
2001,H1,2,-84,42,5.72
2001,H1,2,-84,43,12.5
2001,H1,3,-87,43,3.345
2001,H1,3,-87,45,0.98
2001,H1,3,-86,43,1.9
2001,H1,3,-84,43,1.5
2001,H1,3,-84,44,6.34
2001,H1,3,-84,45,0.87
2001,H1,3,-83,42,2.78
2001,H1,4,-84,42,6.13
2001,H1,6,-79,42,0.00282842712474619
2001,H2,11,-86,41,7.22
2002,H2,9,-78,43,6.6
2003,H2,8,-84,41,38.5
2004,H1,6,-79,43,4.913
2004,H2,7,-80,42,3.0
2004,H2,7,-80,43,5.5
2004,H2,7,-79,42,4.25
2004,H2,7,-79,43,4.9
2004,H2,7,-78,42,1.6
2004,H2,7,-78,43,4.9
2004,H2,7,-77,42,1.6
2004,H2,7,-77,43,4.9
2004,H2,7,-76,43,3.5
2004,H2,7,-75,42,6.4
2004,H2,7,-75,43,6.4
2004,H2,7,-74,41,1.7
2004,H2,7,-74,42,1.7
2004,H2,7,-74,43,1.7
2004,H2,7,-74,44,2.7
2005,H1,5,-93,46,0.292
2005,H1,5,-92,47,0.10394469683442248
2005,H1,5,-90,47,0.124
2005,H1,5,-89,47,0.10394469683442248
2005,H1,5,-88,47,0.111
2005,H1,5,-87,47,0.27997234841721125
2005,H1,5,-86,47,0.10394469683442248
2005,H1,5,-85,46,0.10394469683442248
2005,H1,6,-123,48,0.135
2005,H1,6,-90,47,0.124
2005,H2,8,-92,47,0.17697234841721124
2005,H2,8,-90,47,0.2522361742086056
2005,H2,8,-89,47,0.229
2005,H2,8,-87,47,0.19825
2005,H2,8,-86,47,0.362
2005,H2,8,-85,46,0.237
2005,H2,9,-92,47,0.362
2005,H2,9,-90,47,0.701
2005,H2,9,-89,47,0.19347234841721125
2005,H2,9,-87,47,0.10300000000000001
2005,H2,9,-86,46,0.3
2005,H2,9,-86,47,0.414
2005,H2,9,-85,46,0.414
2005,H2,9,-83,41,0.996
2005,H2,10,-93,46,0.10394469683442248
2005,H2,10,-90,47,0.254
2005,H2,10,-89,47,0.051
2005,H2,10,-87,47,0.11549999999999999
2006,H1,3,-85,34,71.65
2006,H1,3,-82,31,2.6
2006,H1,4,-80,35,34.9
2006,H1,4,-79,34,30.0
2006,H1,4,-79,35,53.349999999999994
2006,H1,6,-88,41,0.901
2006,H1,6,-88,42,0.48
2006,H1,6,-88,45,0.524
2006,H1,6,-87,44,0.326
2006,H2,11,-94,44,105.0
2006,H2,11,-93,44,23.1
2007,H1,4,-94,44,23.1
2007,H1,4,-84,41,1.35
2007,H1,4,-79,42,2.4
2007,H1,6,-80,43,2.229
2007,H2,8,-94,44,7.59
2007,H2,8,-85,45,1.176
2007,H2,8,-84,41,1.6
2007,H2,8,-84,43,1.13
2007,H2,8,-83,43,0.507
2007,H2,8,-83,45,0.619
2007,H2,8,-79,42,2.7
2008,H1,1,-82,42,7.305
2008,H1,3,-93,44,4.69
2008,H1,3,-92,43,9.44
2008,H1,3,-92,44,8.135
2008,H1,3,-91,38,3.94
2008,H1,3,-91,41,12.93
2008,H1,3,-90,40,7.03
2008,H1,3,-89,41,15.2
2008,H1,3,-88,41,17.6
2008,H1,4,-97,42,1.68
2008,H1,4,-96,41,1.65
2008,H1,4,-95,37,4.05
2008,H1,4,-95,39,9.11
2008,H1,4,-94,45,1.35
2008,H1,4,-93,46,58.2
2008,H1,4,-93,47,124.0
2008,H1,4,-92,40,1.83
2008,H1,4,-92,43,2.34
2008,H1,4,-92,44,1.71
2008,H1,4,-91,38,2.51
2008,H1,4,-91,41,6.93
2008,H1,4,-90,40,4.6450000000000005
2008,H1,4,-89,41,19.5
2008,H1,4,-88,41,27.4
2008,H1,4,-79,43,4.3375
2008,H1,5,-123,45,0.1414213562373095
2008,H1,5,-97,45,5.16
2008,H1,5,-96,44,2.41
2008,H1,5,-94,44,1.92
2008,H1,5,-93,44,3.4400000000000004
2008,H1,5,-92,39,2.98
2008,H1,5,-92,40,2.03
2008,H1,5,-92,41,4.63
2008,H1,5,-92,43,4.07
2008,H1,5,-92,44,1.98
2008,H1,5,-91,38,2.7649999999999997
2008,H1,5,-91,39,3.33
2008,H1,5,-91,40,5.24
2008,H1,5,-91,41,2.9749999999999996
2008,H1,5,-91,42,3.37
2008,H1,5,-90,37,2.04
2008,H1,5,-90,40,5.07
2008,H1,5,-90,41,6.5600000000000005
2008,H1,5,-90,47,0.0025003295782756317
2008,H1,5,-89,41,10.58
2008,H1,5,-88,41,50.8
2008,H1,5,-87,47,0.0025003295782756317
2008,H1,5,-85,46,0.0025003295782756317
2008,H1,6,-124,47,0.28
2008,H1,6,-119,47,0.1414213562373095
2008,H2,7,-123,47,0.08838834764831843
2008,H2,7,-121,47,0.014142135623730949
2008,H2,7,-118,48,0.1414213562373095
2008,H2,7,-93,47,296.0
2008,H2,7,-86,34,148.0
2008,H2,7,-85,34,224.5
2008,H2,7,-85,35,0.013435028842544402
2008,H2,8,-124,47,0.35355339059327373
2008,H2,8,-123,45,0.035355339059327376
2008,H2,8,-121,47,0.4666904755831214
2008,H2,8,-118,47,6.54
2008,H2,8,-97,45,5.19
2008,H2,8,-95,44,4.22
2008,H2,8,-95,46,245.0
2008,H2,8,-94,44,7.39
2008,H2,8,-94,45,11.200000000000001
2008,H2,8,-94,46,3.48
2008,H2,8,-93,44,27.45
2008,H2,8,-92,43,10.5
2008,H2,8,-92,44,10.18
2008,H2,9,-123,45,0.3747665940288702
2008,H2,9,-119,47,0.4101219330881975
2008,H2,9,-118,46,1.74
2008,H2,9,-118,47,0.23
2008,H2,9,-118,48,0.47376154339498683
2008,H2,10,-118,46,6.36
2008,H2,10,-118,47,5.425
2008,H2,11,-123,47,3.2444543648263005
2008,H2,12,-123,47,3.0604594154601843
2008,H2,12,-123,48,0.0431335136523794
2009,H1,1,-94,44,4.251250164789138
2009,H1,6,-123,37,5.975
2009,H2,10,-75,39,158.0
2009,H2,10,-75,40,20.5
2009,H2,10,-75,41,15.0
2010,H1,1,-123,47,1.0
2010,H1,1,-123,48,1.7
2010,H1,1,-79,42,2.04465909090909
2010,H2,8,-79,43,2.917
2010,H2,8,-77,43,2.0020000000000002
2011,H1,1,-94,44,0.0025003295782756317
2011,H1,1,-93,44,2.5
2011,H2,9,-75,40,0.0025003295782756317
2011,H2,12,-75,40,0.0025003295782756317
2012,H1,1,-94,44,1.051250164789138
2012,H1,2,-75,40,0.0025003295782756317
2012,H1,4,-84,41,1.5962501647891378
2012,H1,4,-80,43,2.83
2012,H1,4,-79,43,4.27
2012,H1,4,-78,43,2.28
2012,H1,4,-77,43,5.4
2012,H1,5,-85,45,0.0025003295782756317
2012,H1,5,-84,43,2.26
2012,H1,5,-83,41,2.64
2012,H1,5,-83,45,0.0025003295782756317
2012,H1,5,-82,41,2.07
2012,H1,6,-85,46,0.0025003295782756317
2012,H2,7,-75,40,0.0025003295782756317
2012,H2,9,-75,40,0.0025003295782756317
2012,H2,12,-75,40,0.0025003295782756317
2013,H1,1,-94,44,0.9012501647891379
2013,H1,4,-84,41,0.0025003295782756317
2013,H1,4,-82,41,2.03
2013,H1,4,-79,42,0.0025003295782756317
2013,H1,4,-79,43,5.22
2013,H1,6,-87,42,7.0
2013,H1,6,-86,42,7.199999999999999
2013,H1,6,-86,43,1.3
2013,H1,6,-75,40,5.7
2013,H2,7,-84,44,2.45
2013,H2,7,-84,45,1.3
2013,H2,8,-94,32,144.1473984729435
2013,H2,8,-84,43,25.8
2013,H2,8,-75,40,5.35
2013,H2,9,-87,42,1.7
2013,H2,10,-84,43,51.0
2013,H2,11,-94,32,0.0025003295782756317
2014,H1,3,-94,32,251.977526617226
2014,H1,4,-83,41,0.0025003295782756317
2014,H1,4,-82,41,0.0025003295782756317
2014,H1,5,-94,32,1437.72253149865
2014,H1,5,-85,45,0.0025003295782756317
2014,H1,5,-85,46,0.0025003295782756317
2014,H1,5,-84,41,1.3812501647891378
2014,H1,5,-84,43,0.0025003295782756317
2014,H1,5,-83,45,0.0025003295782756317
2014,H1,6,-94,32,268.780358052869
2014,H1,6,-75,40,3.4475
2014,H1,6,-74,40,2.835
2014,H1,6,-72,41,0.5605
2014,H2,7,-94,32,1111.04326148757
2014,H2,7,-75,40,6.7
2014,H2,9,-94,32,32.27078606022354
2015,H1,4,-84,41,1.99
2015,H1,4,-83,41,2.15
2015,H1,4,-82,41,2.645
2015,H1,4,-80,43,2.69
2015,H1,4,-78,43,5.04
2015,H1,4,-77,43,5.31
2015,H1,5,-79,42,2.51
2015,H2,10,-88,34,52.0
2016,H1,5,-123,47,4.32
2016,H1,5,-118,47,8.24
2016,H1,5,-92,46,0.0025003295782756317
2016,H1,5,-90,47,0.0025003295782756317
2016,H1,5,-87,47,0.0025003295782756317
2016,H1,5,-86,47,0.0025003295782756317
2016,H1,6,-75,40,16.0
2016,H2,7,-84,43,14.0
2016,H2,7,-82,39,21.05
2016,H2,9,-123,47,4.2
2016,H2,9,-118,46,4.5
2016,H2,9,-118,47,6.71
2016,H2,11,-76,39,3.98
2016,H2,11,-76,40,3.98
2016,H2,11,-75,40,3.98
2016,H2,12,-82,39,14.0
2017,H1,1,-75,40,420.0
2017,H1,5,-85,45,0.0025003295782756317
2017,H1,5,-85,46,0.5512501647891379
2017,H1,5,-84,42,3.5
2017,H1,5,-84,43,2.88
2017,H1,5,-83,42,1.525
2017,H1,5,-83,45,0.0025003295782756317
2017,H1,6,-85,44,1.3
2017,H1,6,-75,40,9.8
2017,H2,7,-88,30,2.005
2017,H2,7,-85,46,1.3
2017,H2,7,-83,42,1.5
2017,H2,8,-87,43,12.0
2017,H2,8,-83,42,108.0
2017,H2,8,-71,41,71.72
2017,H2,9,-85,46,1.3
2017,H2,9,-83,42,1.65
2017,H2,9,-75,40,9.8
2017,H2,10,-88,30,1.9849999999999999
2017,H2,11,-85,46,0.85
2017,H2,11,-83,42,2.7
2018,H1,2,-83,42,4.449999999999999
2018,H1,5,-89,42,53.85
2018,H1,5,-89,43,37.635
2018,H1,5,-88,42,419.6525
2018,H1,5,-88,43,27.795
2018,H1,5,-87,43,69.3
2018,H1,5,-86,42,23.3
2018,H1,5,-85,42,35.8
2018,H1,5,-85,44,8.92
2018,H1,5,-84,42,159.0
2018,H1,5,-84,43,42.1
2018,H1,5,-84,44,41.1
2018,H1,5,-83,42,92.14142135623732
2018,H1,6,-91,46,1.8567500000000001
2018,H1,6,-88,41,55.56
2018,H1,6,-87,43,7.225
2018,H1,6,-86,42,2.56
2018,H1,6,-85,41,1.2
2018,H1,6,-85,42,2.2525
2018,H1,6,-85,44,0.91
2018,H1,6,-84,41,30.7125
2018,H1,6,-84,42,8.862499999999999
2018,H1,6,-84,43,4.61
2018,H1,6,-84,44,4.15
2018,H1,6,-83,42,12.5
2018,H1,6,-82,41,114.0
2018,H1,6,-79,34,12.27840228444355
2018,H1,6,-79,42,22.965
2018,H1,6,-78,43,7.0525
2018,H1,6,-77,43,19.824999999999996
2018,H1,6,-76,44,14.162500000000001
2018,H1,6,-75,40,7.0
2018,H2,7,-105,38,10.844999999999999
2018,H2,7,-86,42,0.91
2018,H2,7,-86,43,1.3
2018,H2,7,-84,41,19.877499999999998
2018,H2,7,-84,42,7.1
2018,H2,7,-82,41,9.81
2018,H2,7,-71,41,62.47
2018,H2,8,-105,38,27.67
2018,H2,8,-86,41,0.775
2018,H2,8,-86,42,7.800000000000001
2018,H2,8,-86,43,6.85
2018,H2,8,-85,39,18.0
2018,H2,8,-85,41,2.5
2018,H2,8,-85,42,0.775
2018,H2,8,-84,41,1.18
2018,H2,8,-84,42,10.0
2018,H2,8,-84,43,6.3
2018,H2,9,-105,38,15.915000000000001
2018,H2,9,-93,46,5.5995
2018,H2,9,-88,41,29.67
2018,H2,9,-88,44,8.469999999999999
2018,H2,9,-87,41,2.0
2018,H2,9,-87,42,4.05
2018,H2,9,-86,41,2.7
2018,H2,9,-86,42,1.9
2018,H2,9,-86,43,7.8
2018,H2,9,-84,42,39.5
2018,H2,9,-79,34,7.9
2018,H2,10,-105,38,18.74
2018,H2,10,-84,41,0.95
2018,H2,10,-84,42,1.8
2018,H2,10,-84,43,8.5
2018,H2,10,-79,34,16.4
2018,H2,10,-71,41,86.255
2018,H2,11,-105,38,22.59
2018,H2,11,-79,34,9.025
2018,H2,12,-105,38,11.969999999999999
2018,H2,12,-86,42,44.0
2018,H2,12,-85,42,1.8
2018,H2,12,-79,34,11.7
2019,H1,1,-116,36,16.4
2019,H1,1,-115,36,36.1
2019,H1,1,-105,38,8.09
2019,H1,1,-79,34,11.100000000000001
2019,H1,2,-105,38,9.15
2019,H1,2,-86,42,0.47
2019,H1,2,-79,34,10.32
2019,H1,2,-71,41,71.2
2019,H1,3,-105,38,8.9
2019,H1,3,-96,29,177.8737402378025
2019,H1,3,-95,29,47.9882459558807
2019,H1,3,-82,29,0.6799999999999999
2019,H1,3,-79,34,9.594999999999999
2019,H1,4,-120,39,17.4
2019,H1,4,-105,38,9.66
2019,H1,4,-96,29,91.10926119375671
2019,H1,4,-95,29,125.481397193436
2019,H1,4,-84,42,3.0
2019,H1,4,-79,34,11.1
2019,H1,4,-71,41,23.97
2019,H1,5,-105,38,10.475
2019,H1,5,-91,46,0.52
2019,H1,5,-90,46,0.525
2019,H1,5,-88,42,85.0
2019,H1,5,-88,45,0.52
2019,H1,5,-88,46,0.52
2019,H1,5,-87,41,0.53
2019,H1,5,-87,42,1.1
2019,H1,5,-87,44,0.5449999999999999
2019,H1,5,-87,45,0.65
2019,H1,5,-86,42,0.7
2019,H1,5,-86,43,0.56
2019,H1,5,-86,44,2.4000000000000004
2019,H1,5,-86,46,0.52
2019,H1,5,-85,41,0.81
2019,H1,5,-85,42,0.535
2019,H1,5,-85,43,0.985
2019,H1,5,-85,44,0.51
2019,H1,5,-85,45,0.53
2019,H1,5,-85,46,0.625
2019,H1,5,-84,42,1.25
2019,H1,5,-84,43,1.4
2019,H1,5,-84,44,0.525
2019,H1,5,-84,45,0.525
2019,H1,5,-83,42,87.6
2019,H1,5,-83,43,31.0
2019,H1,5,-79,34,14.55
2019,H1,6,-105,38,12.5
2019,H1,6,-96,29,10.990909865917551
2019,H1,6,-95,29,14.828296073698
2019,H1,6,-88,42,280.0
2019,H1,6,-87,42,2.2875
2019,H1,6,-87,43,2.75
2019,H1,6,-86,42,1.5
2019,H1,6,-86,43,1.7
2019,H1,6,-85,42,1.7
2019,H1,6,-83,41,2.33
2019,H1,6,-82,29,0.8214999999999999
2019,H1,6,-80,35,9.4506074725
2019,H1,6,-80,36,9.375475362
2019,H1,6,-80,42,1.892
2019,H1,6,-79,34,15.899999999999999
2019,H2,7,-115,36,9.3
2019,H2,7,-96,29,4.6687392150468
2019,H2,7,-95,29,2.73486187480543
2019,H2,7,-94,41,9.4
2019,H2,7,-92,41,3.775
2019,H2,7,-91,46,0.525
2019,H2,7,-90,46,0.5800000000000001
2019,H2,7,-88,45,0.475
2019,H2,7,-88,46,0.82
2019,H2,7,-87,41,0.43
2019,H2,7,-87,42,0.44
2019,H2,7,-87,44,0.85
2019,H2,7,-87,45,0.75
2019,H2,7,-86,42,0.71
2019,H2,7,-86,43,0.46
2019,H2,7,-86,44,1.85
2019,H2,7,-86,46,1.3
2019,H2,7,-85,41,0.56
2019,H2,7,-85,42,0.475
2019,H2,7,-85,43,0.44
2019,H2,7,-85,44,0.5
2019,H2,7,-85,45,0.44
2019,H2,7,-85,46,0.615
2019,H2,7,-84,42,1.225
2019,H2,7,-84,43,1.45
2019,H2,7,-84,44,1.125
2019,H2,7,-84,45,0.435
2019,H2,7,-83,42,6.65
2019,H2,7,-83,43,29.0
2019,H2,7,-80,35,15.837132315
2019,H2,7,-80,36,11.38971595
2019,H2,7,-79,34,19.65
2019,H2,7,-71,41,0.5800000000000001
2019,H2,8,-123,37,317.0
2019,H2,8,-96,29,5.21624207646728
2019,H2,8,-96,41,3.5
2019,H2,8,-95,29,4.39507830069012
2019,H2,8,-92,41,10.0
2019,H2,8,-85,42,6.6
2019,H2,8,-84,42,0.96
2019,H2,8,-82,29,0.706
2019,H2,8,-80,35,9.0255149425
2019,H2,8,-80,36,12.65521137
2019,H2,8,-79,34,17.049999999999997
2019,H2,8,-74,40,20.0
2019,H2,8,-74,41,29.5
2019,H2,9,-91,46,0.51
2019,H2,9,-90,46,0.4925
2019,H2,9,-88,45,0.495
2019,H2,9,-88,46,0.49
2019,H2,9,-87,41,0.51
2019,H2,9,-87,42,0.52
2019,H2,9,-87,44,0.5349999999999999
2019,H2,9,-87,45,0.5
2019,H2,9,-86,42,0.8700000000000001
2019,H2,9,-86,43,0.78
2019,H2,9,-86,44,2.0
2019,H2,9,-86,46,0.49
2019,H2,9,-85,41,0.91
2019,H2,9,-85,42,0.515
2019,H2,9,-85,43,0.775
2019,H2,9,-85,44,0.58
2019,H2,9,-85,45,0.56
2019,H2,9,-85,46,0.57
2019,H2,9,-84,41,2.4
2019,H2,9,-84,42,2.4
2019,H2,9,-84,43,2.05
2019,H2,9,-84,44,0.58
2019,H2,9,-84,45,0.7525
2019,H2,9,-83,42,1.3
2019,H2,9,-83,43,30.5
2019,H2,9,-82,29,0.9844999999999999
2019,H2,9,-81,39,1.0617317997711448
2019,H2,9,-81,40,2.6
2019,H2,9,-81,41,2.4
2019,H2,9,-81,42,1.425
2019,H2,9,-80,35,12.149397347499999
2019,H2,9,-80,36,15.376872550000002
2019,H2,9,-80,39,1.21270904563608
2019,H2,9,-80,40,1.1389464825031566
2019,H2,9,-80,41,5.3
2019,H2,9,-80,42,1.4
2019,H2,9,-79,34,15.4
2019,H2,9,-79,39,0.5741707063234766
2019,H2,9,-79,40,1.9132393757219701
2019,H2,9,-79,41,1.5305446154357627
2019,H2,9,-78,39,0.5564930367938129
2019,H2,9,-78,40,2.25
2019,H2,9,-78,41,0.9444076836320746
2019,H2,9,-77,39,1.1
2019,H2,9,-77,40,1.95
2019,H2,9,-77,41,0.8497109844909736
2019,H2,9,-76,39,2.0
2019,H2,9,-76,40,3.2
2019,H2,9,-76,41,1.1
2019,H2,9,-75,40,12.55
2019,H2,9,-75,41,0.7382393757219701
2019,H2,9,-74,40,11.0
2019,H2,10,-85,43,1.5750000000000002
2019,H2,10,-84,43,2.225
2019,H2,10,-80,35,12.30909776
2019,H2,10,-80,36,16.824392359999997
2019,H2,10,-79,34,15.2
2019,H2,10,-74,40,9.7
2019,H2,10,-74,41,10.0
2019,H2,11,-92,42,5.5
2019,H2,11,-91,46,0.52
2019,H2,11,-90,46,0.525
2019,H2,11,-88,45,0.6225
2019,H2,11,-88,46,0.51
2019,H2,11,-87,41,0.48
2019,H2,11,-87,42,0.49
2019,H2,11,-87,44,0.48
2019,H2,11,-87,45,0.675
2019,H2,11,-86,42,0.49
2019,H2,11,-86,43,0.5
2019,H2,11,-86,44,0.51
2019,H2,11,-86,46,0.49
2019,H2,11,-85,41,0.49
2019,H2,11,-85,42,0.5574999999999999
2019,H2,11,-85,43,0.6375
2019,H2,11,-85,44,0.51
2019,H2,11,-85,45,0.5
2019,H2,11,-85,46,0.5349999999999999
2019,H2,11,-84,42,1.675
2019,H2,11,-84,43,2.7
2019,H2,11,-84,44,0.49
2019,H2,11,-84,45,0.49
2019,H2,11,-83,38,1.6
2019,H2,11,-83,42,1.5
2019,H2,11,-83,43,4.6
2019,H2,11,-82,38,1.6
2019,H2,11,-82,39,3.4
2019,H2,11,-81,39,1.2
2019,H2,11,-80,35,7.455758802
2019,H2,11,-80,36,9.20184257
2019,H2,11,-79,34,15.0
2019,H2,12,-83,43,6.3999999999999995
2019,H2,12,-80,35,8.232456132
2019,H2,12,-80,36,6.051882475999999
2019,H2,12,-79,34,11.0
2020,H1,1,-120,34,0.054871486220076086
2020,H1,1,-80,35,10.965715521500002
2020,H1,1,-80,36,8.64021185
2020,H1,1,-79,34,12.2
2020,H1,2,-84,44,306.5
2020,H1,2,-83,43,59.0
2020,H1,2,-80,35,12.71309945525
2020,H1,2,-80,36,6.8606537535
2020,H1,2,-79,34,8.555
2020,H1,2,-76,39,2.9
2020,H1,2,-76,40,3.9
2020,H1,2,-75,39,3.25
2020,H1,2,-75,40,3.4
2020,H1,2,-75,41,3.25
2020,H1,3,-86,41,4.1
2020,H1,3,-82,29,0.616
2020,H1,3,-80,35,10.27129166775
2020,H1,3,-80,36,6.914979167
2020,H1,3,-79,34,9.48
2020,H1,3,-76,39,3.1
2020,H1,3,-75,39,3.1
2020,H1,3,-75,40,4.25
2020,H1,4,-80,35,8.8272916685
2020,H1,4,-80,36,14.54951041925
2020,H1,4,-79,34,15.2
2020,H1,5,-90,46,0.53
2020,H1,5,-88,45,0.87
2020,H1,5,-87,42,1.5
2020,H1,5,-87,43,0.83
2020,H1,5,-87,44,0.575
2020,H1,5,-86,42,1.1
2020,H1,5,-86,43,2.4
2020,H1,5,-86,44,0.515
2020,H1,5,-85,41,1.15
2020,H1,5,-85,42,0.72
2020,H1,5,-85,43,1.9500000000000002
2020,H1,5,-85,45,0.8175
2020,H1,5,-84,41,1.55
2020,H1,5,-84,42,8.4
2020,H1,5,-84,43,2.3
2020,H1,5,-84,44,2.725
2020,H1,5,-84,45,0.94
2020,H1,5,-83,42,7.1
2020,H1,5,-83,43,142.35
2020,H1,5,-80,35,14.6570416685
2020,H1,5,-80,36,6.803947917
2020,H1,5,-79,34,12.4
2020,H1,6,-125,40,1.92
2020,H1,6,-122,36,0.6505382386916237
2020,H1,6,-87,32,18.83
2020,H1,6,-87,33,20.36
2020,H1,6,-87,42,4.1
2020,H1,6,-87,43,0.44
2020,H1,6,-87,44,0.53
2020,H1,6,-86,32,0.6293250352560272
2020,H1,6,-86,33,0.6293250352560272
2020,H1,6,-86,34,15.775
2020,H1,6,-86,43,0.6775
2020,H1,6,-85,42,1.44
2020,H1,6,-84,42,2.9299999999999997
2020,H1,6,-80,35,11.193770835
2020,H1,6,-80,36,7.759791667
2020,H1,6,-79,34,11.3
2020,H1,6,-76,39,6.0
2020,H1,6,-76,40,5.9
2020,H1,6,-75,39,4.8
2020,H1,6,-75,40,8.75
2020,H1,6,-75,41,3.7
2020,H1,6,-74,40,7.7
2020,H2,7,-123,38,350.0
2020,H2,7,-90,46,0.46
2020,H2,7,-89,42,10.950000000000001
2020,H2,7,-89,46,0.49
2020,H2,7,-88,31,11.32
2020,H2,7,-88,32,0.6293250352560272
2020,H2,7,-88,45,0.9500000000000001
2020,H2,7,-88,46,0.93
2020,H2,7,-87,32,12.04
2020,H2,7,-87,33,0.6293250352560272
2020,H2,7,-87,42,0.5700000000000001
2020,H2,7,-87,46,0.72
2020,H2,7,-86,30,0.6293250352560272
2020,H2,7,-86,31,0.6293250352560272
2020,H2,7,-86,32,0.6293250352560272
2020,H2,7,-86,42,1.47
2020,H2,7,-86,43,0.81
2020,H2,7,-86,44,0.5125
2020,H2,7,-86,46,1.2650000000000001
2020,H2,7,-85,32,0.6293250352560272
2020,H2,7,-85,41,0.6
2020,H2,7,-85,42,0.61
2020,H2,7,-85,43,1.5
2020,H2,7,-85,45,0.5725
2020,H2,7,-84,41,1.5
2020,H2,7,-84,42,3.58
2020,H2,7,-84,43,2.45
2020,H2,7,-84,44,0.725
2020,H2,7,-84,45,0.73
2020,H2,7,-83,42,7.6
2020,H2,7,-83,43,150.9
2020,H2,7,-80,35,15.287052085
2020,H2,7,-80,36,12.245124999999998
2020,H2,7,-79,34,14.8
2020,H2,8,-107,31,3.7
2020,H2,8,-107,33,2.9
2020,H2,8,-105,32,1.9500000000000002
2020,H2,8,-104,31,1.5
2020,H2,8,-89,30,0.6293250352560272
2020,H2,8,-89,31,0.6293250352560272
2020,H2,8,-89,32,0.6293250352560272
2020,H2,8,-89,33,0.6293250352560272
2020,H2,8,-88,30,0.6293250352560272
2020,H2,8,-88,31,0.6293250352560272
2020,H2,8,-88,32,0.6293250352560272
2020,H2,8,-88,33,0.6293250352560272
2020,H2,8,-88,34,8.23
2020,H2,8,-87,31,0.6293250352560272
2020,H2,8,-87,34,0.6293250352560272
2020,H2,8,-87,43,6.26
2020,H2,8,-86,30,0.6293250352560272
2020,H2,8,-86,31,0.6293250352560272
2020,H2,8,-86,34,0.6293250352560272
2020,H2,8,-86,35,0.6293250352560272
2020,H2,8,-86,43,1.03
2020,H2,8,-84,42,8.6325
2020,H2,8,-83,42,34.9
2020,H2,8,-83,43,4.075
2020,H2,8,-79,34,12.45
2020,H2,8,-76,39,7.5
2020,H2,8,-76,40,4.4
2020,H2,8,-75,39,3.2
2020,H2,8,-75,40,4.9
2020,H2,8,-75,41,2.45
2020,H2,8,-74,42,2.2775
2020,H2,8,-73,42,1.1825
2020,H2,8,-72,41,6.905
2020,H2,8,-72,42,8.385000000000002
2020,H2,8,-71,41,3.09
2020,H2,9,-109,36,1.5
2020,H2,9,-107,31,2.0
2020,H2,9,-107,34,2.6
2020,H2,9,-105,35,0.9750000000000001
2020,H2,9,-90,46,0.45
2020,H2,9,-89,46,0.49
2020,H2,9,-88,45,0.575
2020,H2,9,-88,46,0.68
2020,H2,9,-87,42,0.98
2020,H2,9,-87,44,0.72
2020,H2,9,-87,46,0.67
2020,H2,9,-86,42,0.605
2020,H2,9,-86,43,0.8150000000000001
2020,H2,9,-86,44,0.5625
2020,H2,9,-86,46,1.21
2020,H2,9,-85,41,0.6950000000000001
2020,H2,9,-85,42,1.0350000000000001
2020,H2,9,-85,43,1.16
2020,H2,9,-85,45,1.03
2020,H2,9,-84,41,1.1949999999999998
2020,H2,9,-84,42,1.04
2020,H2,9,-84,43,3.125
2020,H2,9,-84,44,1.75
2020,H2,9,-84,45,1.0
2020,H2,9,-83,38,1.6
2020,H2,9,-83,42,5.6
2020,H2,9,-83,43,20.465
2020,H2,9,-79,34,13.0
2020,H2,9,-76,39,4.2
2020,H2,9,-76,40,3.6
2020,H2,9,-75,39,2.8
2020,H2,9,-75,40,6.3
2020,H2,9,-75,41,2.25
2020,H2,9,-74,40,4.5
2020,H2,9,-74,42,2.275
2020,H2,9,-73,42,1.22
2020,H2,9,-72,41,7.24
2020,H2,9,-72,42,7.5425
2020,H2,9,-71,41,8.88625
2020,H2,9,-71,42,7.165
2020,H2,10,-116,36,5.7
2020,H2,10,-115,36,1.2
2020,H2,10,-107,31,3.8
2020,H2,10,-105,32,1.4
2020,H2,10,-84,42,3.8
2020,H2,10,-81,40,4.1
2020,H2,10,-81,41,4.3
2020,H2,10,-79,34,11.55
2020,H2,10,-77,40,6.2
2020,H2,10,-76,40,7.9
2020,H2,10,-75,40,13.2
2020,H2,10,-74,42,1.81
2020,H2,10,-73,42,1.28
2020,H2,10,-72,41,6.3325
2020,H2,10,-72,42,6.275
2020,H2,10,-71,41,3.0300000000000002
2020,H2,10,-71,42,11.2
2020,H2,11,-119,33,1600.0
2020,H2,11,-107,31,5.45
2020,H2,11,-90,46,0.47
2020,H2,11,-89,46,0.51
2020,H2,11,-88,45,0.7949999999999999
2020,H2,11,-88,46,1.0525000000000002
2020,H2,11,-87,42,0.8325
2020,H2,11,-87,43,0.52
2020,H2,11,-87,44,0.51
2020,H2,11,-87,46,0.495
2020,H2,11,-86,42,0.45
2020,H2,11,-86,43,0.51
2020,H2,11,-86,44,0.51
2020,H2,11,-86,46,0.51
2020,H2,11,-85,41,1.0550000000000002
2020,H2,11,-85,42,0.5449999999999999
2020,H2,11,-85,43,0.475
2020,H2,11,-85,45,0.5
2020,H2,11,-84,41,0.645
2020,H2,11,-84,42,0.96
2020,H2,11,-84,43,1.9
2020,H2,11,-84,44,0.49
2020,H2,11,-84,45,0.51
2020,H2,11,-83,42,11.0
2020,H2,11,-83,43,11.45
2020,H2,11,-81,41,4.2
2020,H2,11,-79,34,13.3
2020,H2,11,-77,40,6.6
2020,H2,11,-76,40,9.0
2020,H2,11,-75,40,10.1
2020,H2,11,-73,42,1.3
2020,H2,12,-119,33,26.85
2020,H2,12,-107,31,4.0
2020,H2,12,-105,32,3.3
2020,H2,12,-81,41,3.9
2020,H2,12,-79,34,10.024999999999999
2020,H2,12,-77,40,5.4
2020,H2,12,-76,40,6.9
2020,H2,12,-75,40,9.8
2021,H1,1,-123,38,270.0
2021,H1,1,-119,33,325.0
2021,H1,1,-119,34,605.0
2021,H1,1,-118,34,36.75
2021,H1,1,-88,46,20.5
2021,H1,1,-87,42,1.0550000000000002
2021,H1,1,-79,34,10.175
2021,H1,1,-77,40,4.4
2021,H1,1,-76,40,7.95
2021,H1,1,-75,40,13.9
2021,H1,2,-123,38,48500.0
2021,H1,2,-81,25,7.984999999999999
2021,H1,2,-81,41,4.1
2021,H1,2,-79,34,8.03
2021,H1,2,-76,39,3.75
2021,H1,2,-76,40,5.3
2021,H1,2,-75,40,11.2
2021,H1,3,-123,38,330.0
2021,H1,3,-119,33,210.0
2021,H1,3,-86,42,5.58
2021,H1,3,-86,43,1.03
2021,H1,3,-85,42,1.05
2021,H1,3,-85,43,1.76
2021,H1,3,-84,42,3.17
2021,H1,3,-84,43,6.255
2021,H1,3,-81,41,3.7
2021,H1,3,-77,40,5.75
2021,H1,3,-76,39,3.8499999999999996
2021,H1,3,-76,40,8.1
2021,H1,3,-75,39,42.0
2021,H1,3,-75,40,9.8
2021,H1,3,-75,41,2.8
2021,H1,3,-74,40,5.9
2021,H1,4,-123,38,1700.0
2021,H1,4,-120,34,4350.0
2021,H1,4,-116,36,9.35
2021,H1,4,-115,36,0.17677669529663687
2021,H1,4,-107,31,5.5
2021,H1,4,-92,41,1.3
2021,H1,4,-91,46,0.52
2021,H1,4,-87,42,2.8
2021,H1,4,-86,42,160.0
2021,H1,4,-86,43,1.025
2021,H1,4,-85,46,2.05
2021,H1,4,-81,41,4.3
2021,H1,4,-77,40,4.4
2021,H1,4,-76,40,7.45
2021,H1,4,-75,40,10.9
2021,H1,4,-72,41,7.1142857142857
2021,H1,5,-107,31,4.8
2021,H1,5,-90,46,0.49
2021,H1,5,-89,46,0.51
2021,H1,5,-89,47,0.48
2021,H1,5,-88,45,0.47
2021,H1,5,-88,46,0.54
2021,H1,5,-87,41,1.9
2021,H1,5,-87,42,0.9400000000000001
2021,H1,5,-87,46,0.495
2021,H1,5,-86,42,0.73
2021,H1,5,-86,43,0.52
2021,H1,5,-86,44,0.475
2021,H1,5,-85,41,0.52
2021,H1,5,-85,42,0.865
2021,H1,5,-85,43,0.53
2021,H1,5,-85,44,0.515
2021,H1,5,-85,46,0.53
2021,H1,5,-84,41,1.3
2021,H1,5,-84,42,1.7149999999999999
2021,H1,5,-84,43,2.26
2021,H1,5,-84,44,0.505
2021,H1,5,-84,45,0.51
2021,H1,5,-83,42,5.37
2021,H1,5,-83,43,66.4
2021,H1,5,-81,25,8.725000000000001
2021,H1,5,-77,40,5.9
2021,H1,5,-76,40,8.85
2021,H1,5,-75,40,12.8
2021,H1,5,-72,41,4.9
2021,H1,6,-123,40,51.35
2021,H1,6,-105,32,1.4
2021,H1,6,-86,44,1.04
2021,H1,6,-85,43,6.58
2021,H1,6,-84,42,1.52
2021,H1,6,-84,43,3.45
2021,H1,6,-81,40,3.6500000000000004
2021,H1,6,-81,41,5.2
2021,H1,6,-77,40,8.1
2021,H1,6,-76,40,10.3
2021,H1,6,-75,40,16.7
2021,H1,6,-68,46,1130.4
2021,H2,7,-119,33,14.412634559672906
2021,H2,7,-107,31,2.4
2021,H2,7,-107,34,2.5999999999999996
2021,H2,7,-90,46,1.01
2021,H2,7,-89,46,1.045
2021,H2,7,-89,47,1.0425
2021,H2,7,-88,45,0.54
2021,H2,7,-88,46,1.0675
2021,H2,7,-88,47,1.0150000000000001
2021,H2,7,-87,41,3.0
2021,H2,7,-87,42,1.1
2021,H2,7,-87,43,1.02
2021,H2,7,-87,46,0.48
2021,H2,7,-86,42,3.575
2021,H2,7,-86,43,0.55
2021,H2,7,-86,44,0.58
2021,H2,7,-85,41,0.45
2021,H2,7,-85,42,1.04
2021,H2,7,-85,43,0.535
2021,H2,7,-85,44,0.56
2021,H2,7,-85,46,0.45
2021,H2,7,-84,41,0.46
2021,H2,7,-84,42,1.2
2021,H2,7,-84,43,1.9749999999999999
2021,H2,7,-84,44,0.5449999999999999
2021,H2,7,-84,45,0.56
2021,H2,7,-83,42,2.4
2021,H2,7,-83,43,0.98
2021,H2,7,-81,25,7.984999999999999
2021,H2,7,-81,40,3.75
2021,H2,7,-81,41,5.4
2021,H2,7,-77,40,10.2
2021,H2,7,-76,40,6.6
2021,H2,7,-75,40,17.6
2021,H2,7,-72,41,3.0
2021,H2,8,-120,34,1.08
2021,H2,8,-120,39,256.9916666666665
2021,H2,8,-113,46,0.82
2021,H2,8,-112,45,1.3
2021,H2,8,-112,46,1.85
2021,H2,8,-107,31,5.3
2021,H2,8,-107,33,3.8
2021,H2,8,-107,34,1.8
2021,H2,8,-107,35,1.3
2021,H2,8,-104,35,1.0
2021,H2,8,-85,42,45.4
2021,H2,8,-84,42,8.765
2021,H2,8,-84,43,1.605
2021,H2,8,-81,40,3.9
2021,H2,8,-81,41,4.9
2021,H2,8,-77,40,57.1
2021,H2,8,-76,40,7.9
2021,H2,8,-75,40,19.1
2021,H2,9,-123,41,0.17677669529663687
2021,H2,9,-121,34,0.5
2021,H2,9,-121,38,0.17677669529663687
2021,H2,9,-120,38,0.17677669529663687
2021,H2,9,-120,39,0.17677669529663687
2021,H2,9,-109,45,3.4
2021,H2,9,-105,32,3.0
2021,H2,9,-90,46,1.55
2021,H2,9,-89,46,0.64
2021,H2,9,-89,47,0.49
2021,H2,9,-88,45,0.52
2021,H2,9,-88,46,0.495
2021,H2,9,-87,41,0.55
2021,H2,9,-87,42,0.5375000000000001
2021,H2,9,-87,46,0.485
2021,H2,9,-86,42,0.55
2021,H2,9,-86,43,0.54
2021,H2,9,-86,44,0.5025
2021,H2,9,-85,41,0.54
2021,H2,9,-85,42,0.54
2021,H2,9,-85,43,0.875
2021,H2,9,-85,44,0.445
2021,H2,9,-85,46,0.51
2021,H2,9,-84,41,0.54
2021,H2,9,-84,42,1.2
2021,H2,9,-84,43,1.35
2021,H2,9,-84,44,1.0
2021,H2,9,-84,45,0.45
2021,H2,9,-83,42,1.2
2021,H2,9,-83,43,1.2
2021,H2,9,-81,40,3.7
2021,H2,9,-81,41,4.0
2021,H2,9,-77,40,16.7
2021,H2,9,-76,40,8.35
2021,H2,9,-75,40,14.4
2021,H2,9,-72,41,5.02857142857143
2021,H2,10,-123,38,1200.0
2021,H2,10,-121,39,0.17677669529663687
2021,H2,10,-120,39,0.88
2021,H2,10,-120,41,38.42172168098167
2021,H2,10,-119,33,27500.0
2021,H2,10,-119,38,0.17677669529663687
2021,H2,10,-112,47,2.38
2021,H2,10,-89,47,1.02
2021,H2,10,-88,46,12.1
2021,H2,10,-86,42,111.0
2021,H2,10,-81,40,4.6
2021,H2,10,-81,41,5.3
2021,H2,10,-77,40,19.5
2021,H2,10,-76,40,8.25
2021,H2,10,-75,40,15.1
2021,H2,10,-72,41,4.05
2021,H2,11,-123,37,6.335
2021,H2,11,-90,46,0.525
2021,H2,11,-89,46,0.515
2021,H2,11,-88,45,0.53
2021,H2,11,-87,46,0.5375000000000001
2021,H2,11,-86,42,1.0350000000000001
2021,H2,11,-86,43,0.47
2021,H2,11,-86,44,0.47
2021,H2,11,-85,41,0.47
2021,H2,11,-85,42,0.49
2021,H2,11,-85,43,0.52
2021,H2,11,-85,44,0.525
2021,H2,11,-85,46,0.52
2021,H2,11,-84,41,0.47
2021,H2,11,-84,42,0.72
2021,H2,11,-84,43,0.8500000000000001
2021,H2,11,-84,44,0.855
2021,H2,11,-84,45,0.52
2021,H2,11,-83,42,1.2
2021,H2,11,-83,43,0.51
2021,H2,11,-81,40,3.8
2021,H2,11,-81,41,3.4
2021,H2,11,-77,40,10.6
2021,H2,11,-76,40,42.825
2021,H2,11,-75,40,10.0
2021,H2,11,-72,41,6.23641153026653
2021,H2,11,-70,44,4.98
2021,H2,12,-123,38,10.0
2021,H2,12,-122,38,102.5
2021,H2,12,-118,34,195.0
2021,H2,12,-78,37,16.995
2021,H2,12,-77,37,4.18
2021,H2,12,-77,40,6.1
2021,H2,12,-76,40,6.75
2021,H2,12,-75,40,12.5
2021,H2,12,-72,41,4.832300110328865
2022,H1,1,-120,37,0.17677669529663687
2022,H1,1,-120,38,0.17677669529663687
2022,H1,1,-120,39,2.921721680981653
2022,H1,1,-119,39,5.86666666666667
2022,H1,1,-97,32,1.33
2022,H1,1,-96,30,1.4
2022,H1,1,-95,29,0.93
2022,H1,1,-95,30,1.4
2022,H1,1,-86,42,55.599999999999994
2022,H1,1,-86,43,0.972
2022,H1,1,-78,37,7.065
2022,H1,1,-72,41,5.836368021975245
2022,H1,2,-119,33,3.1500000000000004
2022,H1,2,-106,35,2.4
2022,H1,2,-86,42,1.04
2022,H1,2,-84,42,3.83
2022,H1,2,-84,43,1.04
2022,H1,2,-81,40,1.8
2022,H1,2,-81,41,3.0999999999999996
2022,H1,2,-79,37,0.32809754647055805
2022,H1,2,-79,38,0.5705408819386976
2022,H1,2,-78,37,0.772
2022,H1,2,-78,38,2.0225
2022,H1,2,-77,37,0.482
2022,H1,2,-76,39,3.8
2022,H1,2,-76,40,4.65
2022,H1,2,-75,39,1.4
2022,H1,2,-75,40,4.9
2022,H1,2,-75,41,3.0
2022,H1,3,-123,38,340.0
2022,H1,3,-120,38,0.74
2022,H1,3,-120,39,0.79
2022,H1,3,-120,40,0.71
2022,H1,3,-119,33,365.0
2022,H1,3,-86,43,1.005
2022,H1,3,-81,37,0.30334880912902884
2022,H1,3,-81,41,3.4
2022,H1,3,-80,37,0.30193459556665575
2022,H1,3,-79,37,0.306177236253775
2022,H1,3,-78,37,1.05
2022,H1,3,-78,38,0.792
2022,H1,3,-77,37,0.594
2022,H1,3,-77,40,5.4
2022,H1,3,-76,39,5.55
2022,H1,3,-76,40,5.9
2022,H1,3,-75,39,5.25
2022,H1,3,-75,40,5.1
2022,H1,3,-75,41,2.2
2022,H1,3,-74,40,3.5500000000000003
2022,H1,3,-70,44,25.950000000000003
2022,H1,4,-123,37,1.44
2022,H1,4,-93,46,1.45
2022,H1,4,-92,46,0.2
2022,H1,4,-91,46,0.2
2022,H1,4,-91,47,0.10253048327204937
2022,H1,4,-90,46,0.2
2022,H1,4,-89,47,0.9
2022,H1,4,-88,46,1.2
2022,H1,4,-87,46,0.2
2022,H1,4,-86,42,3.2
2022,H1,4,-86,46,0.3
2022,H1,4,-83,37,0.2948635277547903
2022,H1,4,-81,36,0.28637824638055176
2022,H1,4,-81,37,0.29274220741123064
2022,H1,4,-81,40,2.1
2022,H1,4,-81,41,2.6500000000000004
2022,H1,4,-80,36,0.654
2022,H1,4,-80,37,0.29945972183250286
2022,H1,4,-79,36,0.3926388706585817
2022,H1,4,-79,37,0.29910616844190957
2022,H1,4,-79,38,0.32244069222106564
2022,H1,4,-78,37,1.25
2022,H1,4,-78,38,2.718974057492866
2022,H1,4,-77,36,8.99
2022,H1,4,-77,37,2.5919999999999996
2022,H1,4,-77,40,6.9
2022,H1,4,-76,40,7.5
2022,H1,4,-75,40,13.1
2022,H1,4,-72,41,2.85
2022,H1,5,-116,36,4.5
2022,H1,5,-115,36,0.92
2022,H1,5,-106,35,2.5
2022,H1,5,-90,46,0.685
2022,H1,5,-89,45,0.51
2022,H1,5,-89,46,0.7
2022,H1,5,-89,47,4.4
2022,H1,5,-88,45,0.53
2022,H1,5,-88,46,0.57
2022,H1,5,-88,47,0.48
2022,H1,5,-87,42,0.53
2022,H1,5,-87,43,0.95
2022,H1,5,-87,44,0.7
2022,H1,5,-86,42,52.5
2022,H1,5,-86,43,0.7
2022,H1,5,-86,44,0.5
2022,H1,5,-86,46,0.53
2022,H1,5,-85,41,0.445
2022,H1,5,-85,42,0.58
2022,H1,5,-85,43,3.105
2022,H1,5,-85,44,0.495
2022,H1,5,-85,46,0.5175000000000001
2022,H1,5,-84,41,1.48
2022,H1,5,-84,42,1.2
2022,H1,5,-84,43,0.7
2022,H1,5,-84,44,0.51
2022,H1,5,-83,36,1.18
2022,H1,5,-83,37,1.1
2022,H1,5,-83,42,2.4
2022,H1,5,-83,43,1.1
2022,H1,5,-82,37,0.471
2022,H1,5,-81,36,0.2856711395993652
2022,H1,5,-81,37,0.51225
2022,H1,5,-80,37,1.573747258045114
2022,H1,5,-80,38,0.33410795411064365
2022,H1,5,-79,37,0.3068843430349616
2022,H1,5,-79,38,0.516
2022,H1,5,-78,36,0.2934493141924172
2022,H1,5,-78,37,3.3625
2022,H1,5,-78,38,6.965
2022,H1,5,-77,36,11.9
2022,H1,5,-77,37,2.279
2022,H1,6,-120,38,0.253333333333333
2022,H1,6,-120,39,1.166666666666665
2022,H1,6,-119,38,0.17677669529663687
2022,H1,6,-93,46,0.7
2022,H1,6,-92,46,0.0982878425849301
2022,H1,6,-91,46,0.5
2022,H1,6,-91,47,0.1
2022,H1,6,-90,43,1.77972541656681
2022,H1,6,-90,46,0.2
2022,H1,6,-89,47,0.1
2022,H1,6,-88,46,2.35
2022,H1,6,-87,43,3.3499999999999996
2022,H1,6,-86,43,0.7
2022,H1,6,-86,44,0.7
2022,H1,6,-85,44,0.7
2022,H1,6,-81,40,1.9
2022,H1,6,-81,41,3.9
2022,H1,6,-79,37,0.611
2022,H1,6,-79,38,0.7775000000000001
2022,H1,6,-78,37,1.49
2022,H1,6,-78,38,8.66
2022,H1,6,-77,37,0.742
2022,H1,6,-76,40,9.5
2022,H1,6,-75,40,12.5
2022,H2,7,-90,46,0.485
2022,H2,7,-89,43,1.56630757015501
2022,H2,7,-89,46,0.49
2022,H2,7,-88,45,0.46
2022,H2,7,-87,42,0.56
2022,H2,7,-87,43,0.44
2022,H2,7,-86,42,1.6
2022,H2,7,-86,43,0.45
2022,H2,7,-86,44,0.48
2022,H2,7,-86,45,0.7
2022,H2,7,-86,46,0.7
2022,H2,7,-85,41,0.85
2022,H2,7,-85,42,0.51
2022,H2,7,-85,43,0.485
2022,H2,7,-85,44,0.62
2022,H2,7,-85,46,0.52
2022,H2,7,-84,41,2.15
2022,H2,7,-84,42,2.05
2022,H2,7,-84,43,0.51
2022,H2,7,-84,44,0.5925
2022,H2,7,-84,45,0.7
2022,H2,7,-83,42,2.0
2022,H2,7,-83,43,0.49
2022,H2,7,-81,40,2.6
2022,H2,7,-81,41,4.0
2022,H2,7,-77,40,4.6
2022,H2,7,-76,40,8.65
2022,H2,7,-75,40,16.9
2022,H2,8,-120,39,0.676666666666667
2022,H2,8,-119,39,0.556666666666667
2022,H2,8,-106,35,3.05
2022,H2,8,-97,32,1.2
2022,H2,8,-96,30,2.55
2022,H2,8,-96,31,2.8
2022,H2,8,-95,29,2.0
2022,H2,8,-95,30,2.3
2022,H2,8,-93,46,0.6
2022,H2,8,-92,46,1.6
2022,H2,8,-91,47,0.09050966799187808
2022,H2,8,-84,42,3.5
2022,H2,8,-81,40,3.5
2022,H2,8,-81,41,3.35
2022,H2,8,-79,39,5.4
2022,H2,8,-78,38,10.9
2022,H2,8,-78,39,5.7
2022,H2,8,-77,38,5.0
2022,H2,8,-77,40,5.9
2022,H2,8,-76,40,6.75
2022,H2,8,-75,40,19.0
2022,H2,9,-119,33,775.0
2022,H2,9,-107,34,1.7999999999999998
2022,H2,9,-93,46,2080.0
2022,H2,9,-90,43,11.3754107734835
2022,H2,9,-90,46,0.5
2022,H2,9,-89,45,0.51
2022,H2,9,-89,46,1.5875
2022,H2,9,-89,47,10.0
2022,H2,9,-88,45,0.52
2022,H2,9,-88,46,0.49
2022,H2,9,-88,47,0.49
2022,H2,9,-87,42,0.475
2022,H2,9,-87,43,0.48
2022,H2,9,-86,42,11.2
2022,H2,9,-86,43,0.475
2022,H2,9,-86,44,0.47
2022,H2,9,-86,46,2.7
2022,H2,9,-85,41,0.515
2022,H2,9,-85,42,0.51
2022,H2,9,-85,43,0.4625
2022,H2,9,-85,44,2.0
2022,H2,9,-85,46,0.455
2022,H2,9,-84,41,2.55
2022,H2,9,-84,42,2.015
2022,H2,9,-84,43,0.51
2022,H2,9,-84,44,2.0
2022,H2,9,-83,42,0.52
2022,H2,9,-83,43,0.53
2022,H2,9,-81,40,2.4
2022,H2,9,-81,41,4.1
2022,H2,9,-78,39,1.7
2022,H2,9,-77,40,4.4
2022,H2,9,-76,40,5.9
2022,H2,9,-75,40,13.0
2022,H2,10,-123,45,10.137757776503413
2022,H2,10,-114,36,5.10168317375538
2022,H2,10,-114,37,2.82989504503124
2022,H2,10,-106,35,3.0500000000000003
2022,H2,10,-92,46,0.10005560953789645
2022,H2,10,-91,46,0.08768124086713189
2022,H2,10,-90,43,16.4178113835106
2022,H2,10,-90,46,0.08768124086713189
2022,H2,10,-89,46,0.08555992052357224
2022,H2,10,-89,47,0.2
2022,H2,10,-88,46,2.45
2022,H2,10,-87,46,0.08626702730475878
2022,H2,10,-86,42,4.6
2022,H2,10,-86,46,0.08909545442950498
2022,H2,10,-84,45,0.4
2022,H2,10,-83,43,2.25
2022,H2,10,-81,40,1.3
2022,H2,10,-81,41,3.1500000000000004
2022,H2,10,-77,40,7.7
2022,H2,10,-76,39,2.05
2022,H2,10,-76,40,3.0
2022,H2,10,-75,40,11.0
2022,H2,10,-70,44,2.4450000000000003
2022,H2,11,-123,37,3226.75
2022,H2,11,-123,38,4300.0
2022,H2,11,-122,36,8.5
2022,H2,11,-122,37,280.0
2022,H2,11,-122,38,6001.659170939291
2022,H2,11,-122,39,525.0
2022,H2,11,-121,34,38.0
2022,H2,11,-120,39,20.5606096438042
2022,H2,11,-119,33,220.0
2022,H2,11,-118,32,202.0
2022,H2,11,-107,34,8.75559872645232
2022,H2,11,-107,35,22.738252088814
2022,H2,11,-90,46,0.43
2022,H2,11,-89,45,0.44
2022,H2,11,-89,46,0.445
2022,H2,11,-89,47,5.4
2022,H2,11,-88,45,0.44
2022,H2,11,-88,46,0.5
2022,H2,11,-88,47,0.455
2022,H2,11,-87,42,0.81
2022,H2,11,-87,43,0.44
2022,H2,11,-86,42,0.85
2022,H2,11,-86,43,0.5
2022,H2,11,-86,44,0.49
2022,H2,11,-86,46,0.45
2022,H2,11,-85,41,0.47
2022,H2,11,-85,42,0.45
2022,H2,11,-85,43,0.5025
2022,H2,11,-85,44,0.515
2022,H2,11,-85,46,0.45
2022,H2,11,-84,41,1.52
2022,H2,11,-84,42,1.1
2022,H2,11,-84,43,0.59
2022,H2,11,-84,44,0.52
2022,H2,11,-83,42,1.8
2022,H2,11,-83,43,1.0
2022,H2,11,-81,37,0.2736503243191939
2022,H2,11,-81,40,3.0
2022,H2,11,-81,41,5.0
2022,H2,11,-77,40,4.3
2022,H2,11,-76,39,1.6
2022,H2,11,-76,40,2.3
2022,H2,11,-75,40,12.0
2022,H2,12,-123,37,4.875
2022,H2,12,-123,38,1900.0
2022,H2,12,-122,38,76.0
2022,H2,12,-121,34,27.875
2022,H2,12,-119,33,245.0
2022,H2,12,-119,34,8.899999999999999
2022,H2,12,-118,32,49.18730153756334
2022,H2,12,-115,32,9.71486822820823
2022,H2,12,-81,37,0.26021529547664946
2022,H2,12,-81,40,1.1
2022,H2,12,-81,41,1.85
2022,H2,12,-80,40,2.9000000000000004
2022,H2,12,-79,41,0.7
2022,H2,12,-77,40,5.3
2022,H2,12,-77,41,0.3051165760819952
2022,H2,12,-76,40,5.5
2022,H2,12,-75,40,17.0
2023,H1,1,-124,39,7.4
2023,H1,1,-123,47,14.66686120351605
2023,H1,1,-122,39,8.6
2023,H1,1,-120,34,8.6
2023,H1,1,-119,33,51.65
2023,H1,1,-119,34,1360.0
2023,H1,1,-118,32,144.0
2023,H1,1,-118,33,12.0
2023,H1,1,-118,34,160.0
2023,H1,1,-98,32,4.0
2023,H1,1,-87,32,17.0
2023,H1,1,-83,27,4.0
2023,H1,1,-82,34,7.6
2023,H1,1,-82,35,10.7
2023,H1,1,-81,40,0.9
2023,H1,1,-81,41,11.5
2023,H1,1,-80,32,5.5
2023,H1,1,-79,33,8.4
2023,H1,1,-78,36,6.2
2023,H1,1,-78,38,4.8
2023,H1,1,-77,40,5.3
2023,H1,1,-76,39,14.4
2023,H1,1,-76,40,5.1
2023,H1,1,-75,40,12.0
2023,H1,2,-123,38,13.0
2023,H1,2,-122,36,17.0
2023,H1,2,-122,38,5.6
2023,H1,2,-121,34,6.825
2023,H1,2,-118,33,4.3
2023,H1,2,-109,36,18.0315683385865
2023,H1,2,-105,39,5.0
2023,H1,2,-98,30,4.1
2023,H1,2,-96,29,4.1
2023,H1,2,-96,36,4.0
2023,H1,2,-90,43,1.82265710173388
2023,H1,2,-89,35,9.3
2023,H1,2,-89,36,4.4
2023,H1,2,-89,43,0.993153785077505
2023,H1,2,-88,31,8.6
2023,H1,2,-85,33,5.675
2023,H1,2,-82,34,10.95
2023,H1,2,-82,35,8.5
2023,H1,2,-81,32,4.4
2023,H1,2,-81,40,1.1
2023,H1,2,-81,41,2.25
2023,H1,2,-80,36,5.7
2023,H1,2,-79,35,5.8
2023,H1,2,-78,40,11.3
2023,H1,2,-77,36,5.8
2023,H1,2,-77,40,4.2
2023,H1,2,-76,40,6.2
2023,H1,2,-75,40,12.0
2023,H1,3,-122,37,1.3
2023,H1,3,-120,34,49.4
2023,H1,3,-119,33,225.75
2023,H1,3,-118,32,20.5
2023,H1,3,-118,33,8.2
2023,H1,3,-112,32,8.779949332058589
2023,H1,3,-109,36,1.2
2023,H1,3,-107,31,4.1
2023,H1,3,-97,32,5.1
2023,H1,3,-96,29,4.3
2023,H1,3,-96,36,9.4
2023,H1,3,-89,35,11.0
2023,H1,3,-88,32,9.8
2023,H1,3,-87,32,14.8
2023,H1,3,-87,34,5.8
2023,H1,3,-86,32,5.300000000000001
2023,H1,3,-86,35,4.0
2023,H1,3,-83,27,5.4
2023,H1,3,-83,33,7.1
2023,H1,3,-82,34,5.8
2023,H1,3,-81,32,5.0
2023,H1,3,-81,33,5.449999999999999
2023,H1,3,-81,40,10.1
2023,H1,3,-81,41,3.3
2023,H1,3,-80,35,10.4
2023,H1,3,-80,40,2.9000000000000004
2023,H1,3,-79,35,6.7
2023,H1,3,-79,41,0.8500000000000001
2023,H1,3,-78,35,5.2
2023,H1,3,-77,40,4.0
2023,H1,3,-77,41,0.3001668286136894
2023,H1,3,-76,40,6.0
2023,H1,3,-75,40,9.45
2023,H1,3,-72,42,6.2
2023,H1,4,-120,34,3.2649999999999997
2023,H1,4,-115,48,0.6929646455628166
2023,H1,4,-110,38,0.0025003295782756317
2023,H1,4,-105,32,1.3
2023,H1,4,-104,31,1.0
2023,H1,4,-100,32,12.1
2023,H1,4,-98,32,7.15
2023,H1,4,-97,28,4.7
2023,H1,4,-97,32,5.1
2023,H1,4,-96,29,8.024999999999999
2023,H1,4,-95,29,5.95
2023,H1,4,-95,30,5.2
2023,H1,4,-90,43,1.82265710173388
2023,H1,4,-88,32,6.6
2023,H1,4,-87,32,15.0
2023,H1,4,-86,32,6.199999999999999
2023,H1,4,-86,35,4.1
2023,H1,4,-83,27,5.1
2023,H1,4,-83,28,5.1
2023,H1,4,-83,33,8.4
2023,H1,4,-82,32,6.7
2023,H1,4,-81,40,1.0
2023,H1,4,-81,41,7.824999999999999
2023,H1,4,-80,32,6.0
2023,H1,4,-80,33,7.9
2023,H1,4,-79,33,5.2
2023,H1,4,-79,35,10.5
2023,H1,4,-78,35,4.4
2023,H1,4,-78,38,5.2
2023,H1,4,-77,37,4.7
2023,H1,4,-77,40,4.9
2023,H1,4,-76,40,7.3
2023,H1,4,-75,40,13.0
2023,H1,4,-70,44,65.5
2023,H1,5,-123,38,9.625
2023,H1,5,-123,40,19.0
2023,H1,5,-122,38,3.24
2023,H1,5,-119,33,640.0
2023,H1,5,-119,35,2.35
2023,H1,5,-118,34,5.9
2023,H1,5,-110,47,0.6576093065034891
2023,H1,5,-105,39,4.5
2023,H1,5,-99,26,4.5
2023,H1,5,-98,31,4.9
2023,H1,5,-98,32,4.75
2023,H1,5,-97,32,4.4
2023,H1,5,-97,33,4.7
2023,H1,5,-96,36,4.6
2023,H1,5,-89,35,10.0
2023,H1,5,-88,31,14.0
2023,H1,5,-88,45,0.685
2023,H1,5,-87,42,2.2849999999999997
2023,H1,5,-87,43,0.45999999999999996
2023,H1,5,-86,32,5.6
2023,H1,5,-86,41,0.47
2023,H1,5,-86,42,0.485
2023,H1,5,-86,43,0.44
2023,H1,5,-86,44,0.45
2023,H1,5,-85,33,5.85
2023,H1,5,-85,41,0.47
2023,H1,5,-85,42,2.6500000000000004
2023,H1,5,-85,43,0.51
2023,H1,5,-85,44,0.45
2023,H1,5,-85,45,0.44
2023,H1,5,-84,39,7.3
2023,H1,5,-84,42,0.46
2023,H1,5,-84,43,0.4775
2023,H1,5,-84,44,0.47
2023,H1,5,-83,43,0.485
2023,H1,5,-82,34,17.0
2023,H1,5,-82,35,13.0
2023,H1,5,-81,25,11.64
2023,H1,5,-81,32,4.2
2023,H1,5,-81,40,1.8
2023,H1,5,-81,41,3.1
2023,H1,5,-80,34,4.2
2023,H1,5,-80,36,8.5
2023,H1,5,-80,40,2.95
2023,H1,5,-79,35,5.05
2023,H1,5,-79,36,12.0
2023,H1,5,-79,41,1.7000000000000002
2023,H1,5,-78,35,4.0
2023,H1,5,-78,40,5.2
2023,H1,5,-77,40,4.9
2023,H1,5,-77,41,0.39637110370561535
2023,H1,5,-76,40,6.7
2023,H1,5,-75,40,9.15
2023,H1,6,-124,46,0.08025
2023,H1,6,-123,45,0.0003
2023,H1,6,-123,46,0.08025
2023,H1,6,-118,33,2.7
2023,H1,6,-109,45,0.6788225099390855
2023,H1,6,-104,46,0.67175144212722
2023,H1,6,-102,32,4.4
2023,H1,6,-101,34,4.7
2023,H1,6,-98,29,4.4
2023,H1,6,-98,30,5.9
2023,H1,6,-98,32,5.4
2023,H1,6,-97,33,6.1
2023,H1,6,-96,29,4.6
2023,H1,6,-96,35,34.0
2023,H1,6,-89,35,25.9
2023,H1,6,-87,32,18.0
2023,H1,6,-87,35,4.8
2023,H1,6,-86,32,4.8
2023,H1,6,-86,35,6.1
2023,H1,6,-85,43,0.7
2023,H1,6,-84,32,4.5
2023,H1,6,-84,43,3.7
2023,H1,6,-83,27,5.7
2023,H1,6,-82,34,7.8
2023,H1,6,-81,32,7.9
2023,H1,6,-81,33,7.1
2023,H1,6,-81,34,4.95
2023,H1,6,-81,40,2.0
2023,H1,6,-81,41,3.0
2023,H1,6,-80,35,13.85
2023,H1,6,-79,35,9.3
2023,H1,6,-78,35,4.5
2023,H1,6,-77,37,5.85
2023,H1,6,-77,39,4.5
2023,H1,6,-77,40,5.6
2023,H1,6,-76,40,10.0
2023,H1,6,-75,40,11.875
2023,H1,6,-72,42,7.5
2023,H2,7,-124,39,4.6
2023,H2,7,-122,39,4.6
2023,H2,7,-100,32,19.3
2023,H2,7,-98,32,5.5
2023,H2,7,-97,32,6.949999999999999
2023,H2,7,-96,29,4.85
2023,H2,7,-95,29,4.449999999999999
2023,H2,7,-89,45,0.4
2023,H2,7,-89,46,0.4
2023,H2,7,-88,32,11.7
2023,H2,7,-88,34,14.9
2023,H2,7,-88,45,0.4
2023,H2,7,-88,46,0.4
2023,H2,7,-87,32,12.475
2023,H2,7,-86,32,6.550000000000001
2023,H2,7,-86,34,24.6
2023,H2,7,-85,34,7.9
2023,H2,7,-85,35,4.1
2023,H2,7,-85,42,0.65
2023,H2,7,-85,43,3.455
2023,H2,7,-85,44,0.52
2023,H2,7,-84,36,4.2
2023,H2,7,-84,42,2.0
2023,H2,7,-84,43,1.5
2023,H2,7,-83,27,6.949999999999999
2023,H2,7,-83,28,7.1
2023,H2,7,-83,33,7.2
2023,H2,7,-83,36,5.9
2023,H2,7,-83,43,1.5
2023,H2,7,-82,33,5.5
2023,H2,7,-82,35,17.9
2023,H2,7,-81,32,6.1
2023,H2,7,-81,33,8.0
2023,H2,7,-81,35,4.9
2023,H2,7,-81,40,4.949999999999999
2023,H2,7,-81,41,10.375
2023,H2,7,-80,32,6.6
2023,H2,7,-80,35,13.0
2023,H2,7,-80,36,25.75
2023,H2,7,-80,43,1.5
2023,H2,7,-79,33,11.5
2023,H2,7,-79,35,9.15
2023,H2,7,-79,36,4.8
2023,H2,7,-79,43,2.9
2023,H2,7,-78,35,5.2
2023,H2,7,-78,38,6.2
2023,H2,7,-78,43,3.6
2023,H2,7,-77,37,4.4
2023,H2,7,-77,40,5.9
2023,H2,7,-77,43,2.3
2023,H2,7,-77,44,3.2
2023,H2,7,-76,39,10.85
2023,H2,7,-76,40,6.3
2023,H2,7,-75,40,8.8
2023,H2,7,-75,41,5.7
2023,H2,7,-71,42,11.1
2023,H2,8,-124,46,0.12025
2023,H2,8,-123,38,394.5
2023,H2,8,-123,45,0.0003
2023,H2,8,-123,46,0.07024999999999999
2023,H2,8,-119,33,167.5
2023,H2,8,-118,34,7.2
2023,H2,8,-100,32,20.2
2023,H2,8,-98,26,4.1
2023,H2,8,-98,31,4.1
2023,H2,8,-98,32,4.5
2023,H2,8,-96,36,8.0
2023,H2,8,-91,30,4.5
2023,H2,8,-90,46,0.4
2023,H2,8,-88,31,13.0
2023,H2,8,-88,34,14.0
2023,H2,8,-88,46,2.5999999999999996
2023,H2,8,-87,35,4.1
2023,H2,8,-86,32,4.9
2023,H2,8,-85,33,7.85
2023,H2,8,-85,43,0.6
2023,H2,8,-85,44,0.4
2023,H2,8,-85,46,0.7
2023,H2,8,-83,36,4.3
2023,H2,8,-82,34,11.3
2023,H2,8,-81,34,5.45
2023,H2,8,-81,35,4.1
2023,H2,8,-81,40,2.7
2023,H2,8,-81,41,5.6
2023,H2,8,-80,34,4.2
2023,H2,8,-80,36,10.15
2023,H2,8,-80,40,6.75
2023,H2,8,-80,43,0.42426406871192845
2023,H2,8,-79,33,12.4
2023,H2,8,-79,35,5.6
2023,H2,8,-79,36,5.3
2023,H2,8,-79,41,1.9
2023,H2,8,-79,43,2.45
2023,H2,8,-78,35,8.25
2023,H2,8,-78,38,5.5
2023,H2,8,-78,40,8.4
2023,H2,8,-78,43,2.95
2023,H2,8,-77,40,5.699999999999999
2023,H2,8,-77,41,0.5
2023,H2,8,-77,43,2.6
2023,H2,8,-77,44,2.9
2023,H2,8,-76,40,7.1
2023,H2,8,-75,40,11.575
2023,H2,9,-120,36,5.2
2023,H2,9,-100,32,26.9
2023,H2,9,-98,32,4.2
2023,H2,9,-97,32,10.4
2023,H2,9,-97,33,7.3
2023,H2,9,-96,29,6.2
2023,H2,9,-96,36,5.9
2023,H2,9,-91,29,4.2
2023,H2,9,-91,46,0.43
2023,H2,9,-90,29,4.5
2023,H2,9,-90,46,0.43
2023,H2,9,-89,35,16.0
2023,H2,9,-89,47,9.25
2023,H2,9,-88,45,0.56
2023,H2,9,-88,46,0.485
2023,H2,9,-87,35,5.5
2023,H2,9,-87,42,0.555
2023,H2,9,-87,43,8.6
2023,H2,9,-87,46,0.49
2023,H2,9,-86,32,5.35
2023,H2,9,-86,35,6.1
2023,H2,9,-86,41,0.55
2023,H2,9,-86,42,0.55
2023,H2,9,-86,43,0.4
2023,H2,9,-85,33,2.52
2023,H2,9,-85,34,4.52
2023,H2,9,-85,39,12.5
2023,H2,9,-85,41,0.55
2023,H2,9,-85,42,0.4
2023,H2,9,-85,43,0.4
2023,H2,9,-85,44,1.2
2023,H2,9,-85,46,0.52
2023,H2,9,-84,32,5.05
2023,H2,9,-84,42,1.4
2023,H2,9,-84,43,0.68
2023,H2,9,-83,27,5.4
2023,H2,9,-83,42,4.0
2023,H2,9,-83,43,0.58
2023,H2,9,-82,32,6.5
2023,H2,9,-82,34,10.35
2023,H2,9,-81,33,7.1
2023,H2,9,-81,34,4.0
2023,H2,9,-81,40,3.5
2023,H2,9,-81,41,2.95
2023,H2,9,-80,33,8.3
2023,H2,9,-80,35,13.5
2023,H2,9,-80,43,1.2
2023,H2,9,-79,33,10.8
2023,H2,9,-79,43,3.0
2023,H2,9,-78,35,8.35
2023,H2,9,-78,36,5.5
2023,H2,9,-78,38,5.7
2023,H2,9,-78,43,3.0
2023,H2,9,-77,40,6.9
2023,H2,9,-77,43,2.8
2023,H2,9,-77,44,3.15
2023,H2,9,-76,40,6.9
2023,H2,9,-75,40,8.75
2023,H2,9,-72,42,8.5
2023,H2,10,-124,39,4.5
2023,H2,10,-98,31,13.7
2023,H2,10,-98,32,4.8
2023,H2,10,-97,32,4.35
2023,H2,10,-96,29,4.2
2023,H2,10,-96,30,8.9
2023,H2,10,-96,36,20.5
2023,H2,10,-95,29,5.5
2023,H2,10,-95,30,6.9
2023,H2,10,-88,32,15.0
2023,H2,10,-88,34,13.5
2023,H2,10,-87,32,12.0
2023,H2,10,-87,35,5.0
2023,H2,10,-86,32,5.800000000000001
2023,H2,10,-86,34,17.2
2023,H2,10,-85,33,4.4
2023,H2,10,-85,34,8.6
2023,H2,10,-85,35,4.3
2023,H2,10,-83,27,6.85
2023,H2,10,-83,33,8.8
2023,H2,10,-83,34,4.0
2023,H2,10,-82,33,5.4
2023,H2,10,-82,34,5.9
2023,H2,10,-82,35,12.1
2023,H2,10,-81,32,5.85
2023,H2,10,-81,35,4.1
2023,H2,10,-81,40,4.0
2023,H2,10,-81,41,18.0
2023,H2,10,-80,32,8.1
2023,H2,10,-80,34,4.2
2023,H2,10,-80,35,6.9
2023,H2,10,-80,36,18.099999999999998
2023,H2,10,-79,33,11.35
2023,H2,10,-79,35,16.725
2023,H2,10,-79,36,4.8
2023,H2,10,-78,35,7.7
2023,H2,10,-78,36,5.7
2023,H2,10,-78,38,5.75
2023,H2,10,-77,40,5.4
2023,H2,10,-76,40,5.9
2023,H2,10,-75,40,8.45
2023,H2,10,-75,41,4.7
2023,H2,10,-71,42,11.0
2023,H2,11,-124,46,0.0002
2023,H2,11,-123,45,0.0002
2023,H2,11,-123,46,0.0002
2023,H2,11,-119,33,45.0
2023,H2,11,-118,34,1200.0
2023,H2,11,-98,32,4.25
2023,H2,11,-97,32,4.75
2023,H2,11,-91,46,0.43
2023,H2,11,-90,38,6.85
2023,H2,11,-90,46,0.44
2023,H2,11,-89,35,11.0
2023,H2,11,-89,47,4.5
2023,H2,11,-88,31,14.0
2023,H2,11,-88,34,11.0
2023,H2,11,-88,45,0.515
2023,H2,11,-88,46,0.425
2023,H2,11,-87,35,5.05
2023,H2,11,-87,46,0.46
2023,H2,11,-86,42,0.61
2023,H2,11,-86,43,0.54
2023,H2,11,-86,44,1.5
2023,H2,11,-85,33,6.85
2023,H2,11,-85,42,0.835
2023,H2,11,-85,43,0.65
2023,H2,11,-85,44,0.48
2023,H2,11,-85,45,0.52
2023,H2,11,-85,46,0.48
2023,H2,11,-84,42,0.91
2023,H2,11,-84,43,0.53
2023,H2,11,-84,44,0.53
2023,H2,11,-83,26,4.3
2023,H2,11,-83,43,0.53
2023,H2,11,-82,32,5.1
2023,H2,11,-82,33,5.7
2023,H2,11,-82,35,9.9
2023,H2,11,-81,32,5.525
2023,H2,11,-81,33,6.8
2023,H2,11,-81,41,19.700000000000003
2023,H2,11,-80,34,4.7
2023,H2,11,-80,35,11.3
2023,H2,11,-80,36,7.4
2023,H2,11,-79,35,7.875
2023,H2,11,-79,36,19.0
2023,H2,11,-78,35,4.7
2023,H2,11,-78,40,7.7
2023,H2,11,-77,40,5.3
2023,H2,11,-76,40,4.4
2023,H2,11,-75,40,5.8
2023,H2,11,-73,41,6.0
2023,H2,12,-123,37,8.3
2023,H2,12,-122,36,3.6
2023,H2,12,-122,37,7.4
2023,H2,12,-122,38,21.15
2023,H2,12,-122,39,330.0
2023,H2,12,-121,34,5.588388347648318
2023,H2,12,-121,35,1.9
2023,H2,12,-120,34,70.265
2023,H2,12,-119,33,21.7323035518194
2023,H2,12,-119,34,8.881993199335435
2023,H2,12,-118,33,4.6
2023,H2,12,-98,32,5.2
2023,H2,12,-98,36,8.6
2023,H2,12,-97,32,4.7
2023,H2,12,-97,33,5.9
2023,H2,12,-96,29,5.0
2023,H2,12,-96,36,40.4
2023,H2,12,-95,30,6.2
2023,H2,12,-88,35,4.1
2023,H2,12,-87,32,13.0
2023,H2,12,-87,34,4.6
2023,H2,12,-87,35,5.9
2023,H2,12,-86,32,5.5
2023,H2,12,-86,35,7.3
2023,H2,12,-85,39,10.7
2023,H2,12,-84,32,4.0
2023,H2,12,-83,27,5.2
2023,H2,12,-83,34,6.949999999999999
2023,H2,12,-82,34,8.4
2023,H2,12,-79,33,6.0
2023,H2,12,-79,35,6.5
2023,H2,12,-78,35,6.949999999999999
2023,H2,12,-75,40,4.9
2024,H1,1,-122,38,2488.745
2024,H1,1,-118,33,4100.0
2024,H1,1,-118,34,6685.3
2024,H1,1,-100,32,32.1
2024,H1,1,-98,32,7.0
2024,H1,1,-97,32,4.0
2024,H1,1,-96,29,5.05
2024,H1,1,-95,29,5.85
2024,H1,1,-90,38,9.4
2024,H1,1,-89,35,12.0
2024,H1,1,-88,34,10.05
2024,H1,1,-87,32,9.7
2024,H1,1,-87,33,9.9
2024,H1,1,-87,35,6.2
2024,H1,1,-86,32,5.5
2024,H1,1,-85,34,8.6
2024,H1,1,-85,38,4.3
2024,H1,1,-84,32,4.4
2024,H1,1,-84,42,1.15
2024,H1,1,-82,33,5.7
2024,H1,1,-82,34,6.4
2024,H1,1,-81,35,4.0
2024,H1,1,-81,41,14.65
2024,H1,1,-80,35,6.475
2024,H1,1,-80,36,4.6
2024,H1,1,-79,35,12.9
2024,H1,1,-77,40,4.7
2024,H1,1,-76,40,4.8
2024,H1,1,-75,40,4.1
2024,H1,1,-71,42,9.0
2024,H1,2,-123,37,6.75
2024,H1,2,-122,36,40.0
2024,H1,2,-122,38,27.0
2024,H1,2,-119,33,130.0
2024,H1,2,-118,33,62.0
2024,H1,2,-100,32,28.5
2024,H1,2,-98,36,8.1
2024,H1,2,-96,29,4.2
2024,H1,2,-96,30,5.7
2024,H1,2,-96,36,17.3
2024,H1,2,-89,36,14.0
2024,H1,2,-89,37,5.9
2024,H1,2,-88,42,795.0
2024,H1,2,-86,34,16.5
2024,H1,2,-85,32,6.025
2024,H1,2,-85,33,4.1
2024,H1,2,-82,33,6.2
2024,H1,2,-82,34,7.3
2024,H1,2,-81,26,4.265
2024,H1,2,-81,32,4.1
2024,H1,2,-81,34,5.75
2024,H1,2,-81,40,7.4
2024,H1,2,-81,41,13.0
2024,H1,2,-80,32,5.9
2024,H1,2,-80,33,7.7
2024,H1,2,-80,36,14.55
2024,H1,2,-79,33,7.4
2024,H1,2,-79,34,4.9
2024,H1,2,-79,35,7.2
2024,H1,2,-79,36,7.6
2024,H1,2,-78,35,8.2
2024,H1,2,-78,36,4.05
2024,H1,2,-76,40,4.2
2024,H1,2,-75,40,5.3
2024,H1,3,-121,34,10.051265241636024
2024,H1,3,-120,34,1390.0
2024,H1,3,-119,34,511.5
2024,H1,3,-118,33,67.0
2024,H1,3,-106,36,11.0
2024,H1,3,-103,33,4.2
2024,H1,3,-100,32,18.3
2024,H1,3,-99,32,8.600000000000001
2024,H1,3,-98,30,4.75
2024,H1,3,-98,32,5.9
2024,H1,3,-98,36,4.9
2024,H1,3,-97,32,6.425
2024,H1,3,-97,33,4.5
2024,H1,3,-96,29,4.75
2024,H1,3,-96,30,7.7
2024,H1,3,-96,35,13.55
2024,H1,3,-96,36,11.7
2024,H1,3,-88,34,11.0
2024,H1,3,-87,32,15.0
2024,H1,3,-87,33,14.1
2024,H1,3,-87,34,4.8
2024,H1,3,-86,32,4.9
2024,H1,3,-86,34,4.0
2024,H1,3,-86,42,12.0
2024,H1,3,-83,34,7.0
2024,H1,3,-82,32,4.6
2024,H1,3,-82,34,18.0
2024,H1,3,-81,26,4.265000000000001
2024,H1,3,-81,41,12.6
2024,H1,3,-80,34,4.8
2024,H1,3,-80,35,4.7
2024,H1,3,-80,36,4.3
2024,H1,3,-79,35,8.25
2024,H1,3,-79,36,4.1
2024,H1,3,-78,35,4.8
2024,H1,3,-75,40,4.95
2024,H1,3,-72,42,8.3
2024,H1,4,-120,34,33.0
2024,H1,4,-104,35,1.2
2024,H1,4,-100,32,10.75
2024,H1,4,-98,35,6.4
2024,H1,4,-94,44,4.44
2024,H1,4,-88,34,15.25
2024,H1,4,-88,35,11.0
2024,H1,4,-87,32,18.0
2024,H1,4,-87,33,13.0
2024,H1,4,-87,34,4.699999999999999
2024,H1,4,-86,34,32.4
2024,H1,4,-85,32,6.5
2024,H1,4,-85,33,4.1
2024,H1,4,-85,34,7.8
2024,H1,4,-84,42,2.6
2024,H1,4,-83,27,4.1
2024,H1,4,-83,42,3.5
2024,H1,4,-82,32,5.2
2024,H1,4,-82,33,5.3
2024,H1,4,-82,34,5.9
2024,H1,4,-81,32,4.7
2024,H1,4,-81,33,4.2
2024,H1,4,-81,34,6.5
2024,H1,4,-81,40,6.5
2024,H1,4,-81,41,8.3
2024,H1,4,-80,35,9.05
2024,H1,4,-80,36,13.900000000000002
2024,H1,4,-79,35,9.1
2024,H1,4,-77,40,6.199999999999999
2024,H1,4,-76,39,191.1
2024,H1,4,-76,40,4.45
2024,H1,4,-75,40,5.15
2024,H1,5,-122,37,27.0
2024,H1,5,-121,34,275000.0
2024,H1,5,-98,32,4.1
2024,H1,5,-98,36,5.3
2024,H1,5,-97,32,4.699999999999999
2024,H1,5,-96,47,0.15591704525163372
2024,H1,5,-95,45,0.1629881130634992
2024,H1,5,-95,46,0.15980613254815973
2024,H1,5,-95,47,0.15556349186104046
2024,H1,5,-94,44,0.573
2024,H1,5,-94,45,0.1682914139223983
2024,H1,5,-94,46,0.1534421715174808
2024,H1,5,-94,47,0.1576848122046001
2024,H1,5,-93,44,1.145
2024,H1,5,-93,46,3.35
2024,H1,5,-92,43,0.929
2024,H1,5,-92,44,0.5603779400082327
2024,H1,5,-92,47,0.1548563850798539
2024,H1,5,-91,47,0.15839191898578664
2024,H1,5,-91,48,0.1615738995011261
2024,H1,5,-89,36,24.0
2024,H1,5,-89,37,4.7
2024,H1,5,-88,34,22.45
2024,H1,5,-87,43,12.0
2024,H1,5,-87,45,0.7
2024,H1,5,-87,46,0.7
2024,H1,5,-86,32,5.9
2024,H1,5,-86,34,27.8
2024,H1,5,-86,46,0.7
2024,H1,5,-85,33,10.0
2024,H1,5,-85,35,4.15
2024,H1,5,-84,42,3.2
2024,H1,5,-84,43,5.2
2024,H1,5,-83,34,6.3999999999999995
2024,H1,5,-83,42,41.5
2024,H1,5,-83,43,1.75
2024,H1,5,-82,33,5.4
2024,H1,5,-82,34,4.7
2024,H1,5,-82,35,16.0
2024,H1,5,-81,25,25.825
2024,H1,5,-81,32,4.6
2024,H1,5,-81,34,6.4
2024,H1,5,-81,35,4.4
2024,H1,5,-81,40,7.6
2024,H1,5,-81,41,10.55
2024,H1,5,-80,32,6.6
2024,H1,5,-80,33,8.3
2024,H1,5,-80,34,13.0
2024,H1,5,-80,35,9.575
2024,H1,5,-80,36,5.1
2024,H1,5,-79,33,10.25
2024,H1,5,-79,34,5.6
2024,H1,5,-79,35,8.6
2024,H1,5,-78,35,8.025
2024,H1,5,-78,36,4.5
2024,H1,5,-76,40,8.2
2024,H1,5,-75,40,5.0
2024,H1,5,-75,41,4.4
2024,H1,5,-71,42,7.0
2024,H1,6,-123,38,12.2
2024,H1,6,-123,40,11.7
2024,H1,6,-100,32,24.450000000000003
2024,H1,6,-98,32,4.6
2024,H1,6,-98,36,4.7
2024,H1,6,-97,32,5.2
2024,H1,6,-97,48,0.15061374439273462
2024,H1,6,-96,47,0.16581654018824538
2024,H1,6,-95,45,0.261
2024,H1,6,-95,47,0.156270598642227
2024,H1,6,-94,44,0.44
2024,H1,6,-94,45,0.311
2024,H1,6,-94,47,0.1534421715174808
2024,H1,6,-92,47,0.15556349186104046
2024,H1,6,-91,47,0.1548563850798539
2024,H1,6,-91,48,0.1509672977833279
2024,H1,6,-90,47,0.1400071426749364
2024,H1,6,-89,35,13.0
2024,H1,6,-88,33,5.7
2024,H1,6,-88,34,5.7
2024,H1,6,-88,35,17.0
2024,H1,6,-87,33,14.1
2024,H1,6,-87,43,0.7
2024,H1,6,-87,44,0.7
2024,H1,6,-86,43,0.6499999999999999
2024,H1,6,-86,44,0.7
2024,H1,6,-85,38,12.7
2024,H1,6,-85,44,0.9
2024,H1,6,-84,43,3.7
2024,H1,6,-83,34,4.7
2024,H1,6,-83,42,46.0
2024,H1,6,-82,32,4.6
2024,H1,6,-82,33,15.0
2024,H1,6,-82,35,5.0
2024,H1,6,-81,34,4.7
2024,H1,6,-81,35,4.6
2024,H1,6,-81,41,10.8
2024,H1,6,-80,34,5.3
2024,H1,6,-79,33,14.5
2024,H1,6,-79,35,8.149999999999999
2024,H1,6,-78,35,6.975
2024,H1,6,-78,36,4.8
2024,H1,6,-78,38,4.7
2024,H1,6,-76,40,4.5
2024,H1,6,-75,40,6.2
2024,H2,7,-123,40,13.4
2024,H2,7,-122,38,2.02
2024,H2,7,-118,34,5.0
2024,H2,7,-100,32,11.1
2024,H2,7,-98,25,8.149999999999999
2024,H2,7,-98,26,5.6
2024,H2,7,-98,32,4.15
2024,H2,7,-98,35,4.9
2024,H2,7,-97,48,0.17182694782833102
2024,H2,7,-96,47,0.15308861812688754
2024,H2,7,-95,45,0.15733125881400684
2024,H2,7,-95,46,0.15839191898578664
2024,H2,7,-95,47,0.1576848122046001
2024,H2,7,-94,44,0.6325000000000001
2024,H2,7,-94,45,0.1534421715174808
2024,H2,7,-94,46,0.16086679271993956
2024,H2,7,-94,47,0.16051323932934627
2024,H2,7,-93,44,1.32
2024,H2,7,-92,43,1.185
2024,H2,7,-92,44,1.13
2024,H2,7,-92,47,0.16617009357883863
2024,H2,7,-91,47,0.16228100628231265
2024,H2,7,-91,48,0.17076628765655122
2024,H2,7,-90,47,0.16758430714121175
2024,H2,7,-88,34,5.9
2024,H2,7,-87,33,5.5
2024,H2,7,-87,34,4.2
2024,H2,7,-86,32,5.85
2024,H2,7,-85,33,6.4
2024,H2,7,-85,36,4.6
2024,H2,7,-85,38,37.0
2024,H2,7,-84,34,4.3
2024,H2,7,-84,38,4.2
2024,H2,7,-82,26,4.0
2024,H2,7,-82,34,7.1
2024,H2,7,-81,25,16.814999999999998
2024,H2,7,-81,32,5.45
2024,H2,7,-81,34,5.5
2024,H2,7,-81,35,4.550000000000001
2024,H2,7,-81,41,7.95
2024,H2,7,-80,32,6.2
2024,H2,7,-80,34,8.25
2024,H2,7,-80,35,7.5
2024,H2,7,-80,36,9.975
2024,H2,7,-79,33,12.85
2024,H2,7,-79,35,13.925
2024,H2,7,-78,35,9.100000000000001
2024,H2,7,-78,38,5.6
2024,H2,7,-77,40,7.300000000000001
2024,H2,7,-76,39,4.2
2024,H2,7,-76,40,5.1
2024,H2,7,-75,39,4.1
2024,H2,7,-75,40,6.05
2024,H2,8,-122,37,18.5
2024,H2,8,-99,26,4.9
2024,H2,8,-98,26,4.5
2024,H2,8,-98,32,43.0
2024,H2,8,-98,36,6.6
2024,H2,8,-97,28,5.0
2024,H2,8,-97,32,4.4
2024,H2,8,-97,48,0.1626345596729059
2024,H2,8,-96,29,4.1
2024,H2,8,-96,47,0.16440232662587229
2024,H2,8,-95,45,0.16935207409417813
2024,H2,8,-95,46,0.1682914139223983
2024,H2,8,-95,47,0.15839191898578664
2024,H2,8,-94,44,0.529
2024,H2,8,-94,45,0.16334166645409248
2024,H2,8,-94,46,0.16334166645409245
2024,H2,8,-94,47,0.16899852070358484
2024,H2,8,-93,44,1.43
2024,H2,8,-92,43,1.15
2024,H2,8,-92,44,1.315
2024,H2,8,-92,47,0.16617009357883863
2024,H2,8,-91,47,0.16723075375061847
2024,H2,8,-91,48,0.16864496731299156
2024,H2,8,-90,47,0.156270598642227
2024,H2,8,-89,36,19.0
2024,H2,8,-89,37,6.1
2024,H2,8,-88,34,12.0
2024,H2,8,-88,41,5.5
2024,H2,8,-87,32,25.9
2024,H2,8,-87,33,18.25
2024,H2,8,-86,34,4.1
2024,H2,8,-86,42,0.8999999999999999
2024,H2,8,-85,32,6.175
2024,H2,8,-85,33,7.4
2024,H2,8,-85,45,0.55
2024,H2,8,-84,33,5.3
2024,H2,8,-83,34,7.2
2024,H2,8,-82,33,5.0
2024,H2,8,-82,35,15.0
2024,H2,8,-81,26,4.075
2024,H2,8,-81,32,5.25
2024,H2,8,-81,34,7.075
2024,H2,8,-81,35,5.4
2024,H2,8,-81,40,7.3
2024,H2,8,-81,41,6.65
2024,H2,8,-80,32,6.0
2024,H2,8,-80,33,9.6
2024,H2,8,-80,35,6.5249999999999995
2024,H2,8,-80,36,4.949999999999999
2024,H2,8,-79,33,9.2
2024,H2,8,-79,34,6.1
2024,H2,8,-79,35,9.85
2024,H2,8,-78,35,9.1
2024,H2,8,-78,36,6.050000000000001
2024,H2,8,-78,38,6.3
2024,H2,8,-76,39,4.0
2024,H2,8,-76,40,4.9
2024,H2,8,-75,40,6.6
2024,H2,8,-71,42,13.0
2024,H2,9,-123,40,3.5
2024,H2,9,-99,26,7.4
2024,H2,9,-98,32,5.1
2024,H2,9,-98,36,6.3
2024,H2,9,-97,32,4.3
2024,H2,9,-97,48,0.15697770542341355
2024,H2,9,-96,29,4.2
2024,H2,9,-96,47,0.16369521984468577
2024,H2,9,-95,45,0.19279215357060586
2024,H2,9,-95,46,0.164048773235279
2024,H2,9,-95,47,0.1619274528917194
2024,H2,9,-94,37,4.3
2024,H2,9,-94,44,1.48
2024,H2,9,-94,45,0.1615738995011261
2024,H2,9,-94,46,0.1615738995011261
2024,H2,9,-94,47,0.16334166645409248
2024,H2,9,-93,44,2.16
2024,H2,9,-92,43,1.645
2024,H2,9,-92,44,1.6400000000000001
2024,H2,9,-92,47,0.16475588001646557
2024,H2,9,-91,47,0.16475588001646557
2024,H2,9,-91,48,0.16086679271993953
2024,H2,9,-90,47,0.16617009357883863
2024,H2,9,-88,34,6.0
2024,H2,9,-88,35,14.0
2024,H2,9,-87,33,16.35
2024,H2,9,-86,32,4.2
2024,H2,9,-86,34,4.7
2024,H2,9,-85,32,4.3
2024,H2,9,-85,33,9.25
2024,H2,9,-85,38,47.9
2024,H2,9,-84,42,2.925
2024,H2,9,-83,34,5.8
2024,H2,9,-82,32,4.6
2024,H2,9,-82,33,14.0
2024,H2,9,-82,34,6.45
2024,H2,9,-82,35,14.0
2024,H2,9,-81,32,5.35
2024,H2,9,-81,33,5.75
2024,H2,9,-81,35,5.7
2024,H2,9,-81,41,12.1
2024,H2,9,-80,34,9.7
2024,H2,9,-80,36,6.1
2024,H2,9,-79,35,9.7
2024,H2,9,-78,35,7.1
2024,H2,9,-78,38,5.7
2024,H2,9,-75,40,5.5
2024,H2,9,-71,42,4.0
2024,H2,10,-157,71,40.7
2024,H2,10,-118,32,5.7
2024,H2,10,-100,32,23.4
2024,H2,10,-99,26,4.75
2024,H2,10,-98,35,4.8
2024,H2,10,-94,44,4.155
2024,H2,10,-89,37,7.3
2024,H2,10,-88,34,10.025
2024,H2,10,-87,32,12.0
2024,H2,10,-87,33,13.7
2024,H2,10,-86,32,6.3
2024,H2,10,-85,32,6.7
2024,H2,10,-85,38,18.0
2024,H2,10,-85,42,43.0
2024,H2,10,-84,42,7.0
2024,H2,10,-82,34,18.5
2024,H2,10,-81,35,5.1
2024,H2,10,-81,41,9.7
2024,H2,10,-80,33,9.1
2024,H2,10,-80,34,4.3
2024,H2,10,-80,36,8.0
2024,H2,10,-79,35,9.1
2024,H2,10,-78,35,4.550000000000001
2024,H2,10,-78,38,6.3
2024,H2,10,-77,40,6.2
2024,H2,10,-76,40,4.6
2024,H2,10,-72,41,4.1
2024,H2,10,-72,42,11.9
2024,H2,10,-71,42,5.5
2024,H2,11,-157,71,44.6
2024,H2,11,-122,37,8.0
2024,H2,11,-122,38,2.01
2024,H2,11,-98,32,4.4
2024,H2,11,-98,36,7.1
2024,H2,11,-97,32,4.1
2024,H2,11,-89,37,5.25
2024,H2,11,-88,34,7.4
2024,H2,11,-87,32,12.0
2024,H2,11,-87,33,4.6
2024,H2,11,-87,34,5.2
2024,H2,11,-86,34,7.6
2024,H2,11,-85,32,6.6
2024,H2,11,-85,33,13.0
2024,H2,11,-85,34,4.5
2024,H2,11,-85,35,4.6
2024,H2,11,-82,34,32.8
2024,H2,11,-81,32,6.45
2024,H2,11,-81,40,5.7
2024,H2,11,-81,41,13.0
2024,H2,11,-80,32,8.2
2024,H2,11,-80,33,9.7
2024,H2,11,-80,34,5.7
2024,H2,11,-80,35,10.2
2024,H2,11,-79,33,8.475
2024,H2,11,-79,35,10.6
2024,H2,11,-79,36,4.6
2024,H2,11,-78,35,11.0
2024,H2,11,-78,36,5.125
2024,H2,11,-78,38,5.300000000000001
2024,H2,11,-75,40,4.824999999999999
2024,H2,12,-157,71,46.3
2024,H2,12,-122,37,12.15
2024,H2,12,-121,37,4.9
2024,H2,12,-104,44,5.7
2024,H2,12,-99,26,4.5
2024,H2,12,-98,32,4.2
2024,H2,12,-96,29,4.8
2024,H2,12,-88,31,4.45
2024,H2,12,-88,34,11.45
2024,H2,12,-87,33,9.675
2024,H2,12,-87,34,4.75
2024,H2,12,-87,35,4.5
2024,H2,12,-86,34,22.0
2024,H2,12,-85,33,6.9
2024,H2,12,-84,33,4.4
2024,H2,12,-83,34,8.4
2024,H2,12,-82,33,10.100000000000001
2024,H2,12,-82,34,7.15
2024,H2,12,-82,35,15.0
2024,H2,12,-81,32,6.6
2024,H2,12,-81,35,4.4
2024,H2,12,-81,41,12.4
2024,H2,12,-80,34,9.4
2024,H2,12,-80,35,16.3
2024,H2,12,-80,36,8.9
2024,H2,12,-80,40,4.5
2024,H2,12,-79,33,10.399999999999999
2024,H2,12,-79,35,11.5
2024,H2,12,-78,35,5.1
2024,H2,12,-75,40,5.1
2025,H1,1,-118,32,4.8
2025,H1,1,-118,33,1.45
2025,H1,1,-100,32,19.325
2025,H1,1,-99,26,6.5
2025,H1,1,-98,26,5.3
2025,H1,1,-96,29,4.4
2025,H1,1,-89,35,9.5
2025,H1,1,-88,31,11.0
2025,H1,1,-88,35,15.0
2025,H1,1,-87,32,12.3
2025,H1,1,-87,33,8.4
2025,H1,1,-87,34,4.199999999999999
2025,H1,1,-87,35,6.6
2025,H1,1,-86,32,6.8
2025,H1,1,-85,34,5.1
2025,H1,1,-82,27,4.3
2025,H1,1,-81,32,5.4
2025,H1,1,-81,35,7.425
2025,H1,1,-81,41,7.35
2025,H1,1,-80,34,4.9
2025,H1,1,-80,35,8.7
2025,H1,1,-80,36,5.2
2025,H1,1,-79,35,8.1
2025,H1,1,-78,35,4.55
2025,H1,1,-76,40,4.2
2025,H1,1,-75,40,4.8
2025,H1,1,-75,41,5.55
2025,H1,1,-71,42,7.85
2025,H1,2,-119,33,2400.0
2025,H1,2,-118,33,360.0
2025,H1,2,-99,26,4.5
2025,H1,2,-98,26,5.9
2025,H1,2,-88,34,12.25
2025,H1,2,-88,45,11.0
2025,H1,2,-87,32,11.0
2025,H1,2,-87,34,5.6
2025,H1,2,-86,34,13.3
2025,H1,2,-82,33,6.2
2025,H1,2,-81,32,5.8
2025,H1,2,-81,34,5.5
2025,H1,2,-80,34,4.3
2025,H1,2,-80,35,10.4
2025,H1,2,-79,33,4.8
2025,H1,2,-79,34,14.0
2025,H1,2,-79,36,5.0
2025,H1,2,-78,38,4.6
2025,H1,2,-76,40,7.1
2025,H1,2,-75,40,4.05
2025,H1,2,-74,41,6.9
2025,H1,2,-72,42,4.6
2025,H1,2,-71,42,7.0
2025,H1,3,-123,37,1500.0
2025,H1,3,-122,37,21.5
2025,H1,3,-118,33,410.0
2025,H1,3,-88,34,6.3
2025,H1,3,-81,32,5.7
2025,H1,3,-80,35,4.8
2025,H1,3,-72,41,6.9
2025,H1,4,-122,37,10.0
2025,H1,4,-83,42,13.0
2025,H1,4,-81,35,8.6
